xformer_name,xformer_wind1_bus,xformer_wind2_bus,xformer_id,xformer_basemva,winding1_basekv,winding2_basekv,winding1_rateA,winding1_rateB,winding1_rateC,winding2_rateA,winding2_rateB,winding2_rateC,p_winding1,q_winding1,p_winding2,q_winding2,amp_winding1,amp_winding2,Ploss,Qloss,stat,violate
T9_3,667002,669718,9,120,230,13.80000019,401.6349792,401.6349792,401.6349792,6693.916504,6693.916504,6693.916504,-122.6933212,-48.3132782,123.0360184,60.96307755,327.4661255,5594.212891,0.3426924,12.64981937,1,
T10_7,667002,669719,10,120,230,13.80000019,401.6349792,401.6349792,401.6349792,6693.916504,6693.916504,6693.916504,0.53015512,2.75562072,-0.52999997,-2.75,6.96876049,119.0530396,0.0001552,0.00570197,1,
T7_6,667003,669716,7,120,230,13.80000019,401.6349792,401.6349792,401.6349792,6693.916504,6693.916504,6693.916504,-122.6939774,-48.27795792,123.0360184,60.96307755,327.1516113,5588.841309,0.34203452,12.68501854,1,
T8_3,667003,669717,8,120,230,13.80000019,401.6349792,401.6349792,401.6349792,6693.916504,6693.916504,6693.916504,-122.6938858,-48.33367157,123.0360184,60.96306992,327.2019958,5589.699219,0.34213975,12.62941837,1,1
T5_15,667004,669714,5,120,230,13.80000019,401.6349792,401.6349792,401.6349792,6693.916504,6693.916504,6693.916504,-122.6938019,-48.37542343,123.0360184,60.96306992,327.2396545,5590.342773,0.34221846,12.58768845,1,
T6_11,667004,669715,6,120,230,13.80000019,401.6349792,401.6349792,401.6349792,6693.916504,6693.916504,6693.916504,-122.6940155,-48.26423645,123.0360184,60.96307755,327.1390686,5588.624023,0.34200811,12.69890785,1,
T3_14,667005,669712,3,120,230,13.80000019,401.6349792,401.6349792,401.6349792,6693.916504,6693.916504,6693.916504,-122.693924,-48.32051086,123.0360184,60.96306992,327.1793518,5589.313965,0.34209239,12.64254475,1,
T4_11,667005,669713,4,120,230,13.80000019,401.6349792,401.6349792,401.6349792,6693.916504,6693.916504,6693.916504,-122.6940384,-48.2650032,123.0360184,60.96306992,327.1291809,5588.455078,0.34198734,12.69813919,1,
T1_29,667006,669710,1,120,230,13.80000019,401.6349792,401.6349792,401.6349792,6693.916504,6693.916504,6693.916504,-122.694252,-48.13905334,123.0360184,60.96307755,327.0272217,5586.715332,0.34177437,12.82396889,1,
T2_25,667006,669711,2,120,230,13.80000019,401.6349792,401.6349792,401.6349792,6693.916504,6693.916504,6693.916504,-122.6940613,-48.23641586,123.0360184,60.96306992,327.1151123,5588.213867,0.34195787,12.72677898,1,1
T9_4,667007,669728,9,100,230,13.80000019,326.0773926,326.0773926,374.022583,5434.623047,5434.623047,6233.709961,-93.50563049,24.80738449,93.7016983,-17.48069954,242.8547516,4249.958008,0.1960662,7.326684,1,
T10_8,667007,669729,10,100,230,13.80000019,326.0773926,326.0773926,374.022583,5434.623047,5434.623047,6233.709961,0.30006239,1.63215601,-0.30000001,-1.63,4.16599083,72.90479279,0.00005769,0.00215592,1,
T7_7,667008,669726,7,100,230,13.80000019,326.0773926,326.0773926,374.022583,5434.623047,5434.623047,6233.709961,-93.50572968,24.70055008,93.7016983,-17.48069763,242.7926025,4248.869629,0.19596583,7.21979284,1,
T8_4,667008,669727,8,100,230,13.80000019,326.0773926,326.0773926,374.022583,5434.623047,5434.623047,6233.709961,-93.51589966,24.80938911,93.7016983,-17.48069763,242.887207,4250.525391,0.18579659,7.32864285,1,1
T5_16,667009,669724,5,100,230,13.80000019,326.0773926,326.0773926,374.022583,5434.623047,5434.623047,6233.709961,-93.5057373,24.70029449,93.7016983,-17.48069763,242.7883301,4248.793945,0.19595891,7.21953821,1,
T6_12,667009,669725,6,100,230,13.80000019,326.0773926,326.0773926,374.022583,5434.623047,5434.623047,6233.709961,-93.50563049,24.8075161,93.7016983,-17.48069954,242.8569336,4249.996094,0.19606966,7.3268137,1,1
T3_15,667010,669722,3,100,230,13.80000019,326.0773926,326.0773926,374.022583,5434.623047,5434.623047,6233.709961,-93.50575256,24.69977188,93.7016983,-17.48069763,242.7795105,4248.640625,0.19594468,7.21901417,1,
T4_12,667010,669723,4,100,230,13.80000019,326.0773926,326.0773926,374.022583,5434.623047,5434.623047,6233.709961,-93.50585938,24.59262276,93.7016983,-17.48069954,242.7112122,4247.445801,0.19583453,7.11188459,1,
T1_30,667011,669720,1,100,230,13.80000019,326.0773926,326.0773926,374.022583,5434.623047,5434.623047,6233.709961,-93.505867,24.59247398,93.7016983,-17.48069954,242.7086945,4247.401367,0.19583043,7.1117363,1,
T2_26,667011,669721,2,100,230,13.80000019,326.0773926,326.0773926,374.022583,5434.623047,5434.623047,6233.709961,-93.505867,24.59247398,93.7016983,-17.48069954,242.7086945,4247.401367,0.19583043,7.1117363,1,
BANK 43,667013,667231,43,100,230,138,418.9554749,1199.884521,835.902771,698.2590942,1999.807495,1393.171265,-156.8735199,-7.92430735,157.0202942,17.2191925,392.592041,654.3200073,0.14676134,9.29488468,1,1
BANK 42,667014,667231,42,100,230,138,418.9554749,1199.884521,835.902771,698.2590942,1999.807495,1393.171265,-158.2757874,-7.97362423,158.4251862,17.31027603,396.0876465,660.1459961,0.14938644,9.33665371,1,1
BANK 41,667015,667231,41,100,230,138,418.9554749,1199.884521,835.902771,698.2590942,1999.807495,1393.171265,-156.8741455,-7.95201206,157.0184631,17.24703979,392.5950623,654.3250732,0.14431755,9.29502869,1,
RADISON BANK 1,667016,667216,1,100,230,138,658.1793213,658.1793213,665.4589844,1096.965576,1096.965576,1109.098267,5.24888945,8.58965206,-5.24404812,-8.5462656,24.30448914,38.88740921,0.00483822,0.04345754,1,
KELSEY BANK 10,667017,667217,10,100,230,138,714.9102783,848.9559937,714.9102783,1191.51709,1414.926636,1191.51709,-31.72616577,33.31860352,31.73885918,-32.33975601,111.5137329,185.8562164,0.01269494,0.97884905,1,
MYSTERY LAKE BANK 8,667218,667018,8,100,138,230,417.9513855,502.0437012,417.9513855,250.7708435,301.2262268,250.7708435,-10.52157307,7.26317453,10.5296278,-7.11810207,53.06940842,30.66925049,0.00806078,0.14509399,1,
MYSTERY LAKE BANK 9,667220,667018,9,100,138,230,468.1557617,561.8706055,468.1557617,280.8934631,337.122345,280.8934631,-11.77632523,-14.79552078,11.79459572,15.11547756,78.52513885,46.26413345,0.01827466,0.3199763,1,
WUSKWATIM GSU 3,667020,669767,1,86.69999695,230,13.80000019,217.6359558,217.6359558,217.6359558,3627.265869,3627.265869,3627.265869,0.2,0.80075896,-0.2,-0.80000001,1.99215209,34.03059769,0,0.00070901,1,
WUSKWATIM GSU 2,667021,669766,1,86.69999695,230,13.80000019,217.6359558,217.6359558,217.6359558,3627.265869,3627.265869,3627.265869,-59.80000305,13.41272449,59.80000305,-9.51138878,147.9308014,2527.150635,0,3.90124202,1,
WUSKWATIM GSU 1,667022,669765,1,86.69999695,230,13.80000019,217.6359558,217.6359558,217.6359558,3627.265869,3627.265869,3627.265869,-59.80000305,13.39958,59.80000305,-9.51138878,147.9245758,2527.045898,0,3.88829255,1,
DUNLOP BANK 2,667023,668432,2,15,230,65.09999847,53.46765518,53.46765518,53.46765518,188.9026184,188.9026184,188.9026184,1.04824305,0.06573869,-1.04804075,-0.05932396,2.52846336,8.96938419,0.00020323,0.00642527,1,
JENPEG GSU 4,667024,669771,4,21,230,4.15999985,87.85765076,87.85765076,87.85765076,4857.514648,4857.514648,4857.514648,0.60032684,0.98725492,-0.60000002,-0.98000002,2.78888702,165.7576904,0.00032605,0.00725452,1,
JENPEG GSU 5,667024,669772,5,21,230,4.15999985,87.85765076,87.85765076,87.85765076,4857.514648,4857.514648,4857.514648,0.60033244,0.987243,-0.60000002,-0.98000002,2.78886938,165.7590179,0.00033284,0.00726135,1,
JENPEG GSU 6,667024,669773,6,21,230,4.15999985,87.85765076,87.85765076,87.85765076,4857.514648,4857.514648,4857.514648,0.60032672,0.98734188,-0.60000002,-0.98000002,2.78906631,165.7686157,0.00032609,0.00734375,1,
JENPEG GSU 1,667025,669768,1,21,230,4.15999985,87.85765076,87.85765076,87.85765076,4857.514648,4857.514648,4857.514648,-24.24674797,3.81136584,24.39999962,-0.51028055,59.24241257,3521.078613,0.15325351,3.30108118,1,
JENPEG GSU 2,667025,669769,2,21,230,4.15999985,87.85765076,87.85765076,87.85765076,4857.514648,4857.514648,4857.514648,-24.24669647,3.83695698,24.39999962,-0.51028061,59.25191498,3521.643311,0.15330268,3.32666898,1,
JENPEG GSU 3,667025,669770,3,21,230,4.15999985,87.85765076,87.85765076,87.85765076,4857.514648,4857.514648,4857.514648,0.60029918,0.98719251,-0.60000002,-0.98000002,2.78871846,165.7485809,0.00029884,0.00719932,1,
WILLIAM RIVER BANK 1,667027,668427,1,15,230,65.09999847,70.03509521,70.03509521,70.03509521,247.4358368,247.4358368,247.4358368,0.0881973,2.16834807,-0.08724027,-2.14462256,5.2340827,18.23984718,0.00095649,0.02370935,1,
GRAND RAPIDS GSU 1,667028,669774,1,90,230,13.80000019,332.1019287,332.1019287,376.5327759,5535.032227,5535.032227,6275.546387,-99.35942078,46.60139465,99.70000458,-37.01987076,267.4602051,4569.113281,0.34059194,9.58163261,1,
GRAND RAPIDS GSU 2,667028,669775,2,90,230,13.80000019,332.1019287,332.1019287,376.5327759,5535.032227,5535.032227,6275.546387,-99.70000458,46.35817337,99.70000458,-37.01987076,267.9614563,4577.673828,0,9.33822536,1,
GRAND RAPIDS GSU 3,667028,669776,3,90,230,13.80000019,332.1019287,332.1019287,376.5327759,5535.032227,5535.032227,6275.546387,0.30000001,1.40148056,-0.30000001,-1.39999998,3.49293065,59.67503738,0,0.00158233,1,
GRAND RAPIDS GSU 4,667028,669777,4,90,230,13.80000019,332.1019287,332.1019287,376.5327759,5535.032227,5535.032227,6275.546387,0.30000001,1.40154564,-0.30000001,-1.39999998,3.49308586,59.67540741,0,0.00159145,1,
ASHERN BANK 1,667029,668429,1,30,230,69.69999695,102.1658936,112.2067795,107.688385,337.1328125,370.2662659,355.3562317,4.01538134,-5.77308226,-4.00891209,5.93443012,16.95069885,60.65394974,0.00646988,0.16138965,1,
ASHERN BANK 2,667029,668429,2,30,230,69.69999695,107.688385,120.7415085,107.688385,355.3562317,398.429657,355.3562317,4.06756639,-5.85204458,-4.06095839,6.0155592,17.1787796,61.47006989,0.00660845,0.16355909,1,
ASHERN BANK 3,667029,668429,3,57,230,66,238.4707642,238.4707642,238.4707642,831.0344849,831.0344849,831.0344849,10.80183315,12.60777569,-10.78802872,-12.25027466,40.01882935,138.2471466,0.01380249,0.35755029,1,
BANK 1_5,667031,668420,1,50,230,65.09999847,233.9523621,233.9523621,233.9523621,826.5598145,826.5598145,826.5598145,21.22532654,4.64352989,-21.19696045,-3.9220798,52.31879425,184.146225,0.02836061,0.72142297,1,
BANK 2_4,667031,668420,2,50,230,65.09999847,233.9523621,233.9523621,233.9523621,826.5598145,826.5598145,826.5598145,20.9784832,4.81213474,-20.95760727,-4.09717894,51.82754898,182.4171448,0.02087289,0.71489644,1,
BANK 1_6,667035,667036,1,100,230,230,2432.401855,2432.401855,2432.401855,2432.401855,2432.401855,2432.401855,-527.3908691,259.1542358,528.0965576,-224.9244232,1411.544556,1491.155273,0.70575404,34.22906876,1,
BANK 1_7,667035,667037,1,100,230,230,2432.401855,2432.401855,2432.401855,2432.401855,2432.401855,2432.401855,-527.3835449,266.3233337,528.0966187,-231.7413025,1419.207886,1498.826172,0.71303332,34.58211899,1,
BANK 7,667035,669821,7,100,230,13.80000019,753.0655518,753.0655518,753.0655518,12551.09277,12551.09277,12551.09277,0.00088596,-11.64849377,0.00000008,11.6916132,27.98110199,508.3303223,0.00088576,0.04295946,1,
BANK 8_2,667035,669822,8,100,230,13.80000019,753.0655518,753.0655518,753.0655518,12551.09277,12551.09277,12551.09277,0.00088596,-11.64849377,0.00000008,11.6916132,27.98110199,508.3303223,0.00088576,0.04295946,1,
BANK 9_2,667035,669823,9,100,230,13.80000019,753.0655518,753.0655518,753.0655518,12551.09277,12551.09277,12551.09277,0.00088596,-11.64849377,0.00000008,11.6916132,27.98110199,508.3303223,0.00088576,0.04295946,1,
BANK 1 _2 _1,667036,669825,1,100,230,18.20000076,753.0655518,753.0655518,753.0655518,9516.761719,9516.761719,9516.761719,0,-18.73691177,0,18.73315239,48.67527008,615.1270142,0,-0.00376005,1,
BANK 1 _5,667037,669824,1,100,230,18.20000076,753.0655518,753.0655518,753.0655518,9516.761719,9516.761719,9516.761719,0,-12.49044037,0,12.48876762,32.46192932,410.2331543,0,-0.00167235,1,
BANK 1_9,667039,669037,1,100,230,63.5,350.9285583,392.598175,350.9285583,1271.079834,1422.009155,1271.079834,85.11369324,16.74960899,-84.79203796,-9.12768364,208.9511566,760.2971802,0.3216576,7.62188578,1,
BANK 2_6,667039,669037,2,100,230,63.5,350.9285583,392.598175,350.9285583,1271.079834,1422.009155,1271.079834,85.11369324,16.74960899,-84.79203796,-9.12768364,208.9511566,760.2971802,0.3216576,7.62188578,1,
,667041,669826,1,100,230,13.80000019,627.5546265,627.5546265,627.5546265,10459.24316,10459.24316,10459.24316,0.00141273,-13.42985058,0.00000037,13.49836731,32.26013565,586.0588989,0.00141283,0.06852236,1,
,667041,669827,2,100,230,13.80000019,627.5546265,627.5546265,627.5546265,10459.24316,10459.24316,10459.24316,0.00141273,-13.42985058,0.00000037,13.49836731,32.26013565,586.0588989,0.00141283,0.06852236,1,
,667041,669828,3,100,230,13.80000019,627.5546265,627.5546265,627.5546265,10459.24316,10459.24316,10459.24316,0.00141273,-13.42985058,0.00000037,13.49836731,32.26013565,586.0588989,0.00141283,0.06852236,1,
,667041,669829,4,100,230,13.80000019,627.5546265,627.5546265,627.5546265,10459.24316,10459.24316,10459.24316,0.00141273,-13.42985058,0.00000037,13.49836731,32.26013565,586.0588989,0.00141283,0.06852236,1,
BANK 6,668043,667043,6,100,110,230,1254.424683,1254.424683,1475.392456,599.9422607,599.9422607,705.6224976,-84.78405762,12.26806831,84.84411621,-8.90420628,429.9817505,205.0820618,0.06007243,3.36405635,1,
BANK 7_2,668043,667043,7,100,110,230,1312.159668,1522.105225,1312.159668,627.5546265,727.9633789,627.5546265,-84.78405762,12.26806831,84.84411621,-8.90420628,429.9817505,205.0820618,0.06007243,3.36405635,1,
BANK 8_3,668043,667043,8,100,110,230,1356.773193,1522.105225,1475.392456,648.8914795,727.9633789,705.6224976,-84.78405762,12.26806831,84.84411621,-8.90420628,429.9817505,205.0820618,0.06007243,3.36405635,1,
,667044,669016,1,100,230,63.5,327.5835266,364.2327576,350.9285583,1186.522949,1319.268188,1271.079834,65.62163544,13.52816391,-65.43379211,-9.0773325,161.2075348,580.9994507,0.18783578,4.45089102,1,
,667045,669017,1,100,230,63.5,327.5835266,364.2327576,350.9285583,1186.522949,1319.268188,1271.079834,65.68544769,13.55088997,-65.49724579,-9.09140968,161.3640747,581.5635986,0.18820073,4.45953846,1,
BANK 1_11,667046,668428,1,50,230,65.09999847,233.9523621,280.8934631,233.9523621,826.5598145,992.4039307,826.5598145,12.71846485,4.4176507,-12.70957565,-4.12403679,32.81255722,116.6338959,0.0088885,0.29367605,1,
BANK 2_8,667046,668428,2,50,230,65.09999847,233.9523621,280.8934631,233.9523621,826.5598145,992.4039307,826.5598145,12.94582939,4.52426243,-12.93734646,-4.22520447,33.4213028,118.79776,0.00848366,0.29914117,1,
BANK 4_2,667047,668408,4,75,230,65.09999847,266.8362427,290.6833191,350.9285583,942.7394409,1026.991821,1239.839844,33.62226105,8.49127388,-33.59269333,-7.05582571,83.58431244,291.278656,0.02956622,1.43543983,1,
BANK 5,667047,668408,5,75,230,65.09999847,266.8362427,290.6833191,350.9285583,942.7394409,1026.991821,1239.839844,33.00745392,8.34917259,-32.97895432,-6.93984175,82.06369019,285.9795532,0.02850023,1.40933621,1,
BANK 6_1,667047,668408,6,75,230,65.09999847,266.8362427,290.6833191,350.9285583,942.7394409,1026.991821,1239.839844,33.62226105,8.49127388,-33.59269333,-7.05582571,83.58431244,291.278656,0.02956622,1.43543983,1,
BANK 3_3,667048,668409,3,50,230,65.09999847,233.9523621,267.0872498,233.9523621,826.5598145,943.6262817,826.5598145,35.12626648,7.82876587,-35.06359863,-5.83552074,87.14064789,303.671875,0.06266458,1.99321568,1,
BANK 4_3,667048,668409,4,50,230,65.09999847,233.9523621,267.0872498,233.9523621,826.5598145,943.6262817,826.5598145,34.78899765,7.82534695,-34.730793,-5.85033178,86.34192657,300.8885803,0.05820845,1.97506487,1,
BANK 1_13,667049,668423,1,84,230,66,350.9285583,421.7167053,350.9285583,1222.932861,1469.618896,1222.932861,23.29299545,-8.64900208,-23.27936745,9.1918354,60.99360275,214.6791992,0.01362269,0.54275662,1,
BANK 2_10,667049,668423,2,50,230,66,233.9523621,233.9523621,233.9523621,815.2885132,815.2885132,815.2885132,12.28811264,-10.70185661,-12.27437496,11.14096069,40.00061035,142.1841278,0.01373771,0.43907836,1,
BANK 3_4,667049,668423,3,84,230,66,350.9285583,421.7167053,350.9285583,1222.932861,1469.618896,1222.932861,25.47859764,39.80381393,-25.43314171,-37.99250793,116.0125961,392.1563721,0.04545737,1.81111729,1,
ST.LEON BANK 3,667050,668422,3,50,230,65.09999847,234.9564514,234.9564514,234.9564514,830.1072998,830.1072998,830.1072998,6.57086802,2.10254884,-6.56936979,-2.04180503,16.97728157,53.24668884,0.00149685,0.06064477,1,
ST.LEON BANK 4,667050,668422,4,50,230,65.09999847,233.9523621,233.9523621,233.9523621,826.5598145,826.5598145,826.5598145,6.37874889,2.01391864,-6.37706614,-1.95503891,16.46065712,51.62637329,0.00167881,0.0587932,1,
ST.LEON BANK 1,667050,669890,1,15,230,4.15999985,62.75546265,62.75546265,62.75546265,3469.65332,3469.65332,3469.65332,0,0,0,0,0,0,0,0,1,
STLEON_POI_XFORMER,667051,669103,1,100,230,34.5,419.2065125,419.2065125,419.2065125,2794.710205,2794.710205,2794.710205,-19.96395111,-58.60756683,19.96395111,62.21417236,152.1228027,1096.552124,0,3.60659742,1,
GLENBORO PHASESHIFT 1,667085,667052,1,100,230,230,753.0655518,753.0655518,753.0655518,753.0655518,753.0655518,753.0655518,0.04392151,11.97330284,-0.04357002,-11.96403122,30.27126503,30.2706089,0.00019525,0.0090114,1,
GLENBORO BANK 1,667052,668405,1,30,230,65.09999847,125.5109253,149.1069946,125.5109253,443.4334106,526.7989502,443.4334106,17.87215996,-3.0154171,-17.83359718,3.8659029,45.85777283,156.809967,0.03856009,0.85046422,1,
GLENBORO BANK 2,667052,668405,2,30,230,65.09999847,125.5109253,150.6131134,125.5109253,443.4334106,532.1200562,443.4334106,17.90869522,-2.95311809,-17.87324715,3.80497909,45.92301559,157.0331116,0.03544742,0.85181212,1,
GLENBORO BANK 3,667052,668405,3,30,230,65.09999847,125.5109253,148.855957,125.5109253,443.4334106,525.9119873,443.4334106,17.28451347,-2.91573763,-17.24724388,3.73827744,44.34972,151.653244,0.03726785,0.82249755,1,
BANK 1_17,667053,668414,1,50,230,65.09999847,233.9523621,233.9523621,233.9523621,826.5598145,826.5598145,826.5598145,20.80197334,-2.00607753,-20.7803154,2.68286896,52.40914536,177.1588287,0.02165554,0.6767357,1,
BANK 2_12,667053,668414,2,50,230,65.09999847,233.9523621,233.9523621,233.9523621,826.5598145,826.5598145,826.5598145,20.46254158,-12.83721638,-20.43532562,13.75800705,60.57820892,208.2928009,0.02721442,0.92075467,1,
HERBLET LAKE BANK 1,668054,667054,1,100,110,230,294.9735107,352.1836548,294.9735107,141.0742798,168.4356689,141.0742798,-10.78522396,-5.69958591,10.78522396,6.03804684,62.7191925,30.0861454,0,0.33844352,1,
HERBLET LAKE BANK 2,668054,667054,2,100,110,230,262.4319458,314.918335,262.4319458,125.5109253,150.6131134,125.5109253,-10.81212997,-1.05067921,10.81212997,1.31563854,55.85241318,26.51169395,0,0.26492068,1,
CRANBERRY PORTAGE BANK 1,669115,667056,1,15,24.89999962,230,301.4278564,301.4278564,646.9105225,32.63284302,32.63284302,70.03509521,-0.82209361,-0.20054993,0.82221079,0.20428202,18.84126472,2.07028174,0.0001179,0.00374109,1,
CRANBERRY PORTAGE BANK 2,669115,667056,2,15,24.89999962,230,301.4278564,301.4278564,646.9105225,32.63284302,32.63284302,70.03509521,-0.84817177,-0.18015151,0.84840727,0.18397059,19.30640602,2.12139392,0.00023569,0.00382811,1,
RALLS ISLAND BANK 1,667059,669840,1,15,230,12.47000027,60.49626923,60.49626923,60.24524307,1115.809204,1115.809204,1111.179321,4.70701313,1.20636213,-4.70177889,-1.09624171,11.74452496,214.2812653,0.00523491,0.11013332,1,
RALLS ISLAND BANK 2,667059,669840,2,15,230,12.47000027,67.52487946,67.52487946,67.52487946,1245.446899,1245.446899,1245.446899,4.79557753,1.22187364,-4.79008961,-1.10972404,11.96120262,218.2345581,0.0054892,0.11215762,1,
RALLS ISLAND BANK 3,667059,669840,3,15,230,12.47000027,60.49626923,60.49626923,60.24524307,1115.809204,1115.809204,1111.179321,4.70823097,1.2311455,-4.70352411,-1.1208123,11.76238728,214.6068726,0.00470567,0.11032499,1,
MINITONAS BANK 3,667061,668410,3,50,230,65.09999847,172.2009888,172.2009888,233.9523621,608.390564,608.390564,826.5598145,11.38886166,4.35784435,-11.38255119,-4.13684082,29.58597183,102.415863,0.00630526,0.22095831,1,
MINITONAS BANK 4,667061,668410,4,50,230,65.09999847,233.9523621,272.6097412,233.9523621,826.5598145,963.1373291,826.5598145,11.13819885,4.22394991,-11.13139534,-4.00813675,28.90199852,100.0483856,0.00680195,0.21583098,1,
VERMILLION BANK 1,667062,668426,1,50,230,65.09999847,190.2745819,200.0644226,233.9523621,672.2450562,706.8328247,826.5598145,21.21219254,0.90447086,-21.19024277,-0.17132586,52.1943779,180.0705872,0.02194952,0.73306304,1,
VERMILLION BANK 2,667062,668426,2,50,230,65.09999847,200.0644226,200.0644226,209.1012268,706.8328247,706.8328247,738.7600708,21.43500519,0.92972487,-21.41337013,-0.1888926,52.74429321,181.9677887,0.02163559,0.74080259,1,
ROBLIN BANK 1,667063,668417,1,30,230,65.09999847,99.90670013,99.90670013,99.90670013,352.9729919,352.9729919,352.9729919,8.64783955,0.68123096,-8.63400078,-0.48837554,21.45520973,73.5621109,0.01383678,0.19281924,1,
ROBLIN BANK 2,667063,668417,2,30,230,65.09999847,111.7047272,120.7415085,140.5722351,394.6557312,426.5829163,496.6454163,8.30577755,0.9987371,-8.30007744,-0.81234223,20.6909008,70.94156647,0.00569985,0.18634136,1,
BIRTLE BANK 3,667065,668430,3,30,230,65.09999847,140.5722351,147.0988159,140.5722351,496.6454163,519.7039795,496.6454163,11.62650299,-1.65448892,-11.61256218,2.01051617,28.96750259,100.9473572,0.01393824,0.35600206,1,
BIRTLE BANK 4,667065,668430,4,30,230,65.09999847,125.5109253,147.0988159,125.5109253,443.4334106,519.7039795,443.4334106,11.36387253,-1.65801716,-11.34901524,2.00609851,28.32754326,98.71718597,0.01485737,0.34808695,1,
VIRDEN BANK 1,667066,668400,1,100,230,65.09999847,233.9523621,233.9523621,233.9523621,826.5598145,826.5598145,826.5598145,23.3503418,8.19391251,-23.32051468,-7.23536253,62.00856018,209.6063995,0.02982869,0.95853972,1,
VIRDEN BANK 2,667066,668400,2,100,230,65.09999847,233.9523621,233.9523621,233.9523621,826.5598145,826.5598145,826.5598145,22.76547241,7.9925561,-22.73653221,-7.05800867,60.45861816,204.3672638,0.02894028,0.93458509,1,
RESTON BANK 1,667067,668404,1,100,230,65.09999847,233.9523621,233.9523621,233.9523621,826.5598145,826.5598145,826.5598145,2.78054142,-14.82161903,-2.76985097,15.19927979,38.06851959,133.3206024,0.01068905,0.37761933,1,
RESTON BANK 2,667067,668404,2,100,230,65.09999847,233.9523621,233.9523621,233.9523621,826.5598145,826.5598145,826.5598145,2.80113506,-14.71845627,-2.79149866,15.09366512,37.82227707,132.4579163,0.0096366,0.3752028,1,
SOURIS BANK 1,667068,668421,1,30,230,65.09999847,125.5109253,150.6131134,125.5109253,443.4334106,532.1200562,443.4334106,11.60663414,3.41851783,-11.59208775,-3.04171133,31.76750374,102.9554901,0.01454449,0.37677148,1,
SOURIS BANK 2,667068,668421,2,57,230,66,238.4707642,238.4707642,238.4707642,831.0344849,831.0344849,831.0344849,22.05260277,6.49517775,-22.02496719,-5.77928495,60.35824966,195.6155243,0.02763453,0.71586579,1,
SOURIS BANK 3,667068,669891,3,15,230,4.15999985,60.24524307,60.24524307,60.24524307,3330.866943,3330.866943,3330.866943,0,0,0,0,0,0,0,0,1,
SOURIS BANK 4,667068,669940,4,15,230,4.15999985,60.24524307,60.24524307,60.24524307,3330.866943,3330.866943,3330.866943,0,0,0,0,0,0,0,0,1,
NEEPAWA BANK 1,667071,668412,1,57,230,66,237.9687347,285.9138794,237.9687347,829.2849731,996.3665771,829.2849731,30.44039345,4.79977226,-30.390522,-3.50784349,81.0840683,262.7860413,0.04987122,1.29190207,1,
WHITESHELL VOLT BANK 8,667072,668092,8,100,220,110,623.0134277,623.0134277,623.0134277,1246.026855,1246.026855,1246.026855,0.00909491,9.32832813,-0.0077152,-9.25187397,22.31204987,44.72542572,0.00137965,0.07646192,1,
WHITESHELL VOLT BANK 7,667073,668091,7,100,220,110,623.0134277,623.0134277,623.0134277,1246.026855,1246.026855,1246.026855,0.00910769,9.31396008,-0.00773218,-9.23773861,22.27808189,44.657341,0.00137546,0.0762293,1,
HVTFMR1,667077,669105,1,93,230,34.5,389.0838928,389.0838928,389.0838928,2593.892578,2593.892578,2593.892578,-21.39650917,-29.18409348,21.42989349,30.42057419,87.54284668,598.2080688,0.03338787,1.23658776,1,
,668133,667080,1,100,110,230,1494.812378,1793.984619,1494.812378,714.9102783,857.9926758,714.9102783,-74.01421356,-24.94301414,74.07252502,27.8994503,383.5446167,191.6888428,0.05831377,2.9565084,1,
BANK 1_30,667082,668436,1,84,230,66,351.430603,351.430603,351.430603,1224.682373,1224.682373,1224.682373,42.13354111,13.98763847,-42.0672226,-12.26960754,107.7197037,367.8791504,0.06632101,1.7180301,1,
BANK 2_23,667082,668436,2,84,230,66,351.430603,351.430603,351.430603,1224.682373,1224.682373,1224.682373,42.13354111,13.98763847,-42.0672226,-12.26960754,107.7197037,367.8791504,0.06632101,1.7180301,1,
WASHAKEMAY BANK 1,667109,668439,1,50,230,65.09999847,233.9523621,233.9523621,233.9523621,826.5598145,826.5598145,826.5598145,29.97834396,10.25703812,-29.92946434,-8.72942734,80.39690399,266.162262,0.04888064,1.52752006,1,
LAURIE RIVER BANK 1,667213,669239,1,10,138,75,73.63307953,73.63307953,73.63307953,135.4848633,135.4848633,135.4848633,-0.37420028,-0.52535039,0.37421268,0.52561331,2.52643275,5.2825408,0.0000124,0.00026292,1,
LAURIE RIVER BANK 2,667213,669239,2,10,138,75,73.63307953,73.63307953,73.63307953,135.4848633,135.4848633,135.4848633,-0.37420028,-0.52535039,0.37421268,0.52561331,2.52643275,5.2825408,0.0000124,0.00026292,1,
KELSEY GSU 1,667217,669750,1,38,138,13.80000019,209.1848755,209.1848755,209.1848755,2091.848877,2091.848877,2091.848877,-29.80000114,22.41766357,29.80000114,-20.18937111,152.9536133,1567.775391,0,2.22833824,1,
KELSEY GSU 2,667217,669751,2,38,138,13.80000019,209.1848755,209.1848755,209.1848755,2091.848877,2091.848877,2091.848877,-29.80000114,22.42970848,29.80000114,-20.18937111,152.9833069,1568.077759,0,2.2402904,1,
KELSEY GSU 3,667217,669752,3,38,138,13.80000019,209.1848755,209.1848755,209.1848755,2091.848877,2091.848877,2091.848877,-29.80000114,22.43766594,29.80000114,-20.18937111,153.0029449,1568.279297,0,2.24826217,1,
KELSEY GSU 4,667217,669753,4,38,138,13.80000019,209.1848755,209.1848755,209.1848755,2091.848877,2091.848877,2091.848877,0.2,0.70081031,-0.2,-0.69999999,2.98925114,30.64101601,0,0.00083985,1,
KELSEY GSU 5,667217,669754,5,38,138,13.80000019,209.1848755,209.1848755,209.1848755,2091.848877,2091.848877,2091.848877,0.2,0.70090491,-0.2,-0.69999999,2.98962426,30.64164734,0,0.00085549,1,
KELSEY GSU 6,667217,669755,6,38,138,13.80000019,209.1848755,209.1848755,209.1848755,2091.848877,2091.848877,2091.848877,0.2,0.70085108,-0.2,-0.69999999,2.98941183,30.64141655,0,0.00084981,1,
KELSEY GSU 7,667217,669756,7,38,138,13.80000019,209.1848755,209.1848755,209.1848755,2091.848877,2091.848877,2091.848877,0.2,0.7008577,-0.2,-0.69999999,2.98943806,30.64159012,0,0.00085406,1,
THOMPSON BANK 6,667218,669841,6,15,138,12.47000027,87.43928528,97.89852142,100.4087372,967.6520386,1083.39978,1111.179321,4.43253136,1.6450243,-4.42593002,-1.54847729,19.62521172,217.0092163,0.0066013,0.09652571,1,
THOMPSON BANK 5,667218,669930,5,15,138,12.5,87.02091217,100.8271103,87.02091217,960.7108765,1113.131348,960.7108765,4.43253136,1.64499211,-4.42593002,-1.54847729,19.62516594,217.0092163,0.00660128,0.09652537,1,
THOMPSON BANK 7,667220,669127,7,15,138,12.47000027,87.43928528,97.89852142,100.4087372,967.6520386,1083.39978,1111.179321,4.43253708,1.6451031,-4.42593002,-1.54847729,19.63322449,217.0977936,0.00660669,0.09660452,1,
T1_35,667224,669730,1,81,138,13.80000019,564.7991943,564.7991943,564.7991943,5647.991699,5647.991699,5647.991699,-91.18352509,-26.64956665,91.18352509,34.56531143,392.6042786,4024.194824,0,7.91563988,1,
T2_31,667225,669731,2,81,138,13.80000019,564.7991943,564.7991943,564.7991943,5647.991699,5647.991699,5647.991699,-91.18352509,-26.72632027,91.18352509,34.56531143,392.6881104,4025.052979,0,7.83902407,1,
T3_20,667226,669732,3,81,138,13.80000019,564.7991943,564.7991943,564.7991943,5647.991699,5647.991699,5647.991699,-91.18352509,-26.79689789,91.18352509,34.56531525,392.0615845,4018.630371,0,7.7684679,1,
T4_16,667226,669733,4,81,138,13.80000019,564.7991943,564.7991943,564.7991943,5647.991699,5647.991699,5647.991699,-91.18352509,-26.73152733,91.18352509,34.56531525,391.9856567,4017.852539,0,7.83378029,1,
T5_19,667227,669734,5,81,138,13.80000019,564.7991943,564.7991943,564.7991943,5647.991699,5647.991699,5647.991699,-91.18352509,-26.79692459,91.18352509,34.56531525,392.0608826,4018.623535,0,7.76844025,1,
T6_15,667227,669735,6,81,138,13.80000019,564.7991943,564.7991943,564.7991943,5647.991699,5647.991699,5647.991699,-91.18352509,-26.76421928,91.18352509,34.56531143,392.0228577,4018.234375,0,7.80109978,1,
T7_9,667228,669736,7,81,138,13.80000019,564.7991943,564.7991943,564.7991943,5647.991699,5647.991699,5647.991699,-91.18352509,-26.65540886,91.18352509,34.56531525,391.8993835,4016.967529,0,7.90999699,1,
T8_5,667228,669737,8,81,138,13.80000019,564.7991943,564.7991943,564.7991943,5647.991699,5647.991699,5647.991699,-91.18352509,-26.78594971,91.18352509,34.56531143,392.0508118,4018.52002,0,7.7794323,1,
T9_5,667229,669738,9,81,138,13.80000019,564.7991943,564.7991943,564.7991943,5647.991699,5647.991699,5647.991699,-91.18351746,-26.77507401,91.18351746,34.56531143,392.0357056,4018.366211,0,7.79022408,1,
T10_9,667229,669739,10,81,138,13.80000019,564.7991943,564.7991943,564.7991943,5647.991699,5647.991699,5647.991699,-91.18351746,-26.77507401,91.18351746,34.56531143,392.0357056,4018.366211,0,7.79022408,1,
T11_3,667230,669740,11,81,138,13.80000019,564.7991943,564.7991943,564.7991943,5647.991699,5647.991699,5647.991699,-91.18352509,-26.7652874,91.18352509,34.56531143,392.8583984,4026.798584,0,7.80007982,1,
T12_3,667230,669741,12,81,138,13.80000019,564.7991943,564.7991943,564.7991943,5647.991699,5647.991699,5647.991699,0.47999999,1.30159938,-0.47999999,-1.29999995,5.73506641,58.78702164,0,0.0016648,1,
,667247,669742,1,130,138,13.80000019,502.0437012,502.0437012,502.0437012,5020.437012,5020.437012,5020.437012,-95.25889587,-13.8113842,95.43415833,20.47821045,389.6554871,3993.967285,0.17526114,6.66693354,1,
,667247,669743,2,130,138,13.80000019,502.0437012,502.0437012,502.0437012,5020.437012,5020.437012,5020.437012,-95.25889587,-13.8113842,95.43415833,20.47821045,389.6554871,3993.967285,0.17526114,6.66693354,1,
,667248,669744,3,130,138,13.80000019,502.0437012,502.0437012,502.0437012,5020.437012,5020.437012,5020.437012,-95.25888824,-13.81105042,95.43415833,20.47821045,389.6651917,3994.067627,0.1752699,6.66726732,1,
,667249,669745,4,130,138,13.80000019,502.0437012,502.0437012,502.0437012,5020.437012,5020.437012,5020.437012,-95.25886536,-13.81005669,95.43415833,20.47821045,389.6942444,3994.36499,0.17529607,6.668262,1,
,667250,669746,5,130,138,13.80000019,502.0437012,502.0437012,502.0437012,5020.437012,5020.437012,5020.437012,-95.2583313,-13.78987694,95.43415833,20.47821045,390.2833862,4000.403809,0.17582649,6.68843985,1,
,667251,669747,6,130,138,13.80000019,502.0437012,502.0437012,502.0437012,5020.437012,5020.437012,5020.437012,-95.2583313,-13.78986263,95.43415833,20.47821045,390.283905,4000.408691,0.17582692,6.68845606,1,
,667251,669748,7,130,138,13.80000019,502.0437012,502.0437012,502.0437012,5020.437012,5020.437012,5020.437012,-0.00000028,-0.0001075,0,0,0.00043591,0,0,0,1,
POINTE DU BOIS BANK 7,667301,669000,7,100,110,63.5,314.918335,377.9019775,314.918335,545.527832,654.6333618,545.527832,-17.85533142,-6.76811838,17.87291527,7.17841673,89.85296631,155.6508179,0.01758423,0.41029865,1,
POINTE DU BOIS GSU 1,667301,669794,1,37.5,137.1999969,6.9000001,157.8034668,157.8034668,157.8034668,3137.773193,3137.773193,3137.773193,-9.4880352,-5.31423998,9.49800014,5.60000038,51.17268753,966.6436768,0.00996505,0.28578356,1,
SLAVE FALLS GSU 1,667302,669804,1,25,115,6.9000001,125.5109253,125.5109253,125.5109253,2091.848877,2091.848877,2091.848877,-15.5,3.28940701,15.5,-2.15314054,74.82280731,1309.39917,0,1.136271,1,
SLAVE FALLS GSU 2,667302,669805,2,25,115,6.9000001,125.5109253,125.5109253,125.5109253,2091.848877,2091.848877,2091.848877,-15.5,3.28940701,15.5,-2.15314054,74.82280731,1309.39917,0,1.136271,1,
SLAVE FALLS GSU 3,667302,669806,3,25,115,6.9000001,125.5109253,125.5109253,125.5109253,2091.848877,2091.848877,2091.848877,-15.5,3.28940701,15.5,-2.15314054,74.82280731,1309.39917,0,1.136271,1,
SLAVE FALLS GSU 4,667302,669807,4,20,137.1999969,6.9000001,84.16184998,84.16184998,84.16184998,1673.479126,1673.479126,1673.479126,-15.42772198,-2.88349009,15.5,4.00608397,74.11299133,1339.563354,0.07227622,1.12258816,1,
BANK 7_6,667304,668104,7,100,110,110,656.079834,753.1796875,655.5550537,656.079834,753.1796875,655.5550537,54.52965546,15.45580959,-54.49529266,-13.79820061,288.8067017,288.8068237,0.03436511,1.6577003,1,
BANK 2_25,667304,668105,2,100,110,110,656.079834,753.1796875,655.5550537,656.079834,753.1796875,655.5550537,54.52965546,15.45580959,-54.49529266,-13.79820061,288.8067017,288.8068237,0.03436511,1.6577003,1,
BANK 4_8,667304,668106,4,100,110,110,656.079834,753.1796875,655.5550537,656.079834,753.1796875,655.5550537,54.52965546,15.45580959,-54.49529266,-13.79820061,288.8067017,288.8068237,0.03436511,1.6577003,1,
ROSS LAKE BANK 2,669846,668000,2,30,12.47000027,110,1889.004761,2078.831543,2495.523682,214.144455,235.6639099,282.9016418,-5.5100565,-1.96019506,5.51372862,2.04205346,259.4246216,28.34897614,0.00367483,0.08189628,1,
ROSS LAKE BANK 3,669846,668000,3,30,12.47000027,110,1889.004761,2078.831543,2495.523682,214.144455,235.6639099,282.9016418,-5.5100565,-1.96019506,5.51372862,2.04205346,259.4246216,28.34897614,0.00367483,0.08189628,1,
SHERRIDON BANK 1,668006,669867,1,1.04999995,110,12.47000027,20.99455643,20.99455643,20.99455643,185.1965637,185.1965637,185.1965637,0.08634234,0.01920354,-0.08628827,-0.01870289,0.45423937,4.16019011,0.00005391,0.00049831,1,
SHERRIDON BANK 2,668006,669867,2,5,110,12.47000027,35.16588211,35.16588211,20.99455643,310.2042236,310.2042236,185.1965637,0.40743649,0.10738143,-0.40727174,-0.10499491,2.16380882,19.81750679,0.00016442,0.00238192,1,
SNOW LAKE BANK 1,669845,668009,1,5,12.47000027,110,347.2435303,347.2435303,347.2435303,39.36479187,39.36479187,39.36479187,-3.7533052,-1.13121986,3.77367663,1.34963346,176.2240906,20.64047432,0.02037104,0.21840425,1,
SNOW LAKE BANK 2,669845,668009,2,5,12.47000027,110,347.2435303,347.2435303,347.2435303,39.36479187,39.36479187,39.36479187,-3.64079189,-0.72191536,3.65854573,0.92046857,166.8557434,19.4291687,0.01775432,0.19855243,1,
RAPID CITY BANK 2,669853,668016,2,7.5,12.47000027,110,518.550354,518.550354,518.550354,58.78475571,58.78475571,58.78475571,-1.06810665,-0.19317031,1.06876481,0.20271622,49.2568512,5.46625423,0.00065894,0.00954838,1,
BRANDON EAST BANK 5,668017,668431,5,30,110,65.09999847,209.9455566,209.9455566,209.9455566,354.7467346,354.7467346,354.7467346,12.62580013,0.72535181,-12.60079288,-0.36124995,63.55522919,110.0661774,0.02501349,0.36412048,1,
BRANDON EAST BANK 6,668017,668431,6,30,110,65.09999847,209.9455566,209.9455566,209.9455566,354.7467346,354.7467346,354.7467346,14.00411129,1.06883407,-13.98393631,-0.6640563,70.58195496,122.2351608,0.02017634,0.40482846,1,
BRANDON EAST BANK 1,668017,669132,1,30,110,32.5,198.9234161,209.9455566,209.9455566,673.2792969,710.5849609,710.5849609,8.22599888,4.12837887,-8.21649456,-3.93914723,46.25361252,160.2056122,0.00950307,0.18922284,1,
BRANDON EAST BANK 2,668017,669132,2,30,110,32.5,78.20471191,78.20471191,78.20471191,264.6928711,264.6928711,264.6928711,8.4323597,4.06552696,-8.41963863,-3.87321973,47.04475784,162.9457703,0.01272238,0.19228151,1,
BRANDON EAST BANK 3,668017,669132,3,30,110,32.5,198.9234161,209.9455566,198.9234161,673.2792969,710.5849609,673.2792969,8.44927025,4.31449699,-8.44083405,-4.11940908,47.67715454,165.1364746,0.00843399,0.19511029,1,
HIGHLAND PARK BANK 1,668018,669852,1,10,110,12.47000027,151.6856689,181.60289,157.9840393,1338.045166,1601.950073,1393.604126,6.16587734,2.63543653,-6.14611769,-2.3404038,33.84955215,310.2651062,0.01975938,0.29504347,1,
HIGHLAND PARK BANK 2,668018,669870,2,10,110,12.47000027,151.6856689,181.60289,157.9840393,1338.045166,1601.950073,1393.604126,6.16275454,2.65334463,-6.14611769,-2.3404038,33.87070465,302.4549255,0.01663659,0.31294781,1,
CROCUS PLAIN BANK 3,669849,668020,3,15,12.47000027,110,1245.446899,1245.446899,1245.446899,141.188385,141.188385,141.188385,-7.19507837,-1.41735673,7.2126298,1.70841837,333.7134705,37.4088974,0.01755149,0.29106221,1,
CROCUS PLAIN BANK 4,669849,668020,4,15,12.47000027,110,1245.446899,1245.446899,1245.446899,141.188385,141.188385,141.188385,-7.20987558,-2.55088139,7.22920513,2.87183928,348.0241699,39.25881577,0.01933031,0.32096371,1,
BRANDON GSU 5,668022,669816,5,72,115,13.80000019,590.4033813,590.4033813,602.4524536,4920.02832,4920.02832,5020.437012,0.43946463,36.84891891,-0.39567238,-35.36292267,185.0026855,1580.236328,0.04379078,1.48611259,1,
BRANDON GSU 6,668022,669817,6,105,115,13.80000019,843.4334106,843.4334106,878.5764771,7028.611816,7028.611816,7321.470703,1.24222791,0.31250709,-1.2422061,-0.31132621,6.43056345,53.58836365,0.000025,0.0012016,1,
BRANDON GSU 7,668022,669818,7,105,115,13.80000019,843.4334106,843.4334106,878.5764771,7028.611816,7028.611816,7321.470703,1.24223089,0.31255859,-1.2422061,-0.31132621,6.43064117,53.58833694,0.000025,0.00119847,1,
BANK 1_36,668029,668438,1,50,110,65.09999847,397.8468323,431.9629822,489.1731262,672.2450562,729.8914185,826.5598145,0,0,0,0,0,0,0,0,0,
NEEPAWA BANK 3,669876,668029,3,7.5,12.47000027,110,444.4717712,537.0700684,444.4717712,50.38693619,60.88421631,50.38693619,-3.43284392,-1.38915861,3.44180775,1.50861549,160.6663208,18.70842743,0.00896238,0.11943737,1,
NEEPAWA BANK 4,669876,668029,4,7.5,12.47000027,110,444.4717712,537.0700684,444.4717712,50.38693619,60.88421631,50.38693619,-3.45452571,-1.3960849,3.46359801,1.51627219,161.6510315,18.82308769,0.00907256,0.1201652,1,
MINEDOSA BANK 2,669859,668030,2,10,12.47000027,110,666.7075806,796.3452148,666.7075806,75.58039856,90.27658844,75.58039856,-3.03151751,-0.76697683,3.03623581,0.83539897,135.7309418,15.80485725,0.00471892,0.06843413,1,
MINEDOSA BANK 3,669859,668030,3,10,12.47000027,110,666.7075806,796.3452148,666.7075806,75.58039856,90.27658844,75.58039856,-2.9972527,-0.75809109,3.00192165,0.82571989,134.1944733,15.62592125,0.00467011,0.06765913,1,
BANK 1_37,668032,669862,1,5,114.3000031,12.47000027,32.32757187,32.32757187,32.32757187,296.3144836,296.3144836,296.3144836,2.60847664,1.08598554,-2.60367274,-0.99832529,14.10184956,119.4929123,0.00480361,0.0876659,1,
BANK 2_33,668033,669861,2,5,114.3000031,12.47000027,63.1397934,63.1397934,72.73703766,578.7392578,578.7392578,666.7075806,2.61111903,1.09147,-2.60367274,-0.99832529,14.20474815,120.3647995,0.00744634,0.09314692,1,
BANK 2_34,668036,669920,2,15,110,12.47000027,146.9618835,146.9618835,146.9618835,1296.375854,1296.375854,1296.375854,7.07081318,2.70851755,-7.05479622,-2.44479322,37.75759125,345.80896,0.01601772,0.26373369,1,
BANK 1_38,668037,669863,1,15,110,12.47000027,146.9618835,146.9618835,146.9618835,1296.375854,1296.375854,1296.375854,7.07131195,2.7075417,-7.05479622,-2.44479322,37.90234756,347.1346741,0.01651613,0.26275665,1,
BANK 1_39,669860,668039,1,7.5,12.47000027,114.3000031,555.5896606,666.7075806,555.5896606,60.61420059,72.73703766,60.61420059,-4.70872211,-1.17527223,4.72307634,1.36461973,223.0203094,24.20577431,0.01435317,0.18933976,1,
BANK 5_5,669847,668040,5,5,12.47000027,110,1097.289673,1097.289673,1111.179321,124.392746,124.392746,125.9673309,0,0,-0.00000053,-0.0000063,0,0.00003136,0,0,1,
CARBERRY BANK 1,669117,668041,1,15,24.89999962,110,651.5479126,651.5479126,651.5479126,147.4867554,147.4867554,147.4867554,-10.7877636,-4.97896767,10.83375645,5.05510807,259.7712097,61.17250061,0.0459552,0.07626607,1,
MACGREGOR BANK 1,668042,669868,1,5,110,12.47000027,35.16588211,35.16588211,35.16588211,310.2042236,310.2042236,310.2042236,1.95930338,0.08672222,-1.95569897,-0.0352427,9.99830341,91.57102966,0.00360458,0.05148284,1,
MACGREGOR BANK 2,668042,669868,2,5,110,12.47000027,35.16588211,35.16588211,35.16588211,310.2042236,310.2042236,310.2042236,1.95922279,0.08374896,-1.95554042,-0.0322762,9.99723434,91.561203,0.00368215,0.0514718,1,
BANK 4_12,668043,668424,4,30,110,65.09999847,209.9455566,234.6141663,209.9455566,354.7467346,396.4294739,354.7467346,11.59105778,3.16403031,-11.57509422,-2.79961681,60.3066597,104.4402313,0.0159648,0.36443454,1,
BANK 5_6,668043,668424,5,30,110,65.09999847,213.6195984,234.6141663,235.1390228,360.9548035,396.4294739,397.3163452,12.22396851,3.35931134,-12.20778275,-2.97480679,63.62945938,110.1947479,0.0161857,0.38454252,1,
BANK 2_37,668043,669122,2,30,110,24,208.3709717,232.5146942,209.9455566,955.0336304,1065.692383,962.2504883,31.6704216,11.31174469,-31.56507874,-8.68159866,168.795929,803.8912964,0.10534254,2.63021374,1,
BANK 3_19,668043,669122,3,30,110,24,234.0892944,258.2330322,235.1390228,1072.909302,1183.568115,1077.720581,35.17708969,12.39743233,-35.04797363,-9.48092556,187.2057495,891.5678711,0.12911619,2.91656089,1,
BANK 6_5,668044,668437,6,30,110,65.09999847,180.0283051,180.0283051,209.9455566,304.195282,304.195282,354.7467346,9.77018452,3.68785524,-9.75900364,-3.43582296,52.80225754,91.4440155,0.01118246,0.25206068,1,
BANK 7_8,668044,668437,7,30,110,65.09999847,213.6195984,234.6141663,235.1390228,360.9548035,396.4294739,397.3163452,9.5746069,3.5734148,-9.56274891,-3.32679105,51.67310333,89.48847198,0.01186047,0.24662808,1,
CARBERRY BANK 2,669129,668045,2,15,24.89999962,110,651.5479126,651.5479126,651.5479126,147.4867554,147.4867554,147.4867554,-10.7877636,-4.97896767,10.84078598,5.0560317,260.1918335,61.25405121,0.0529401,0.07705725,1,
AUSTIN BANK 2,668046,669869,2,5,110,12.47000027,38.52500916,44.8233757,38.52500916,339.8356628,395.3946533,339.8356628,1.51131654,0.11432688,-1.50910604,-0.08422232,7.74605989,70.94348907,0.00221057,0.03010137,1,
AUSTIN BANK 1,668046,669939,1,10,110,12.47000027,84.60806274,96.36501312,84.60806274,746.3421631,850.0522461,746.3421631,2.9442575,0.2417848,-2.94032598,-0.18308367,15.09807491,138.2780304,0.00393107,0.05869797,1,
LIBAU BANK 2,669854,668048,2,7.5,12.47000027,110,523.1802979,523.1802979,523.1802979,59.3096199,59.3096199,59.3096199,-2.73242617,-0.62279838,2.73672557,0.6849364,128.0091858,13.94327736,0.00429757,0.06212678,1,
PINE FALLS BANK 8,668049,669837,8,5,110,12.5,29.39237785,29.39237785,29.39237785,258.6529236,258.6529236,258.6529236,2.28876114,0.42919275,-2.28399348,-0.30431604,11.37570763,104.2696762,0.00476759,0.12487026,1,
PINE FALLS GSU 1,668050,669778,1,15.5,115,13.80000019,77.81678009,77.81678009,77.81678009,648.4731445,648.4731445,648.4731445,-13.78712654,1.75541365,13.84699917,-0.63110071,67.89279175,579.9176025,0.05987258,1.12431526,1,
PINE FALLS GSU 2,668050,669779,2,17,115,13.80000019,112.9598312,112.9598312,112.9598312,941.3319092,941.3319092,941.3319092,-13.8175602,1.60936522,13.84699917,-0.86321998,67.95404816,580.4408569,0.02943881,0.74616057,1,
PINE FALLS GSU 3,668050,669780,3,15.5,115,13.80000019,77.81678009,77.81678009,77.81678009,648.4731445,648.4731445,648.4731445,-13.78637981,1.76385808,13.84699917,-0.63824743,67.89440155,579.9313354,0.06061922,1.12560844,1,
PINE FALLS GSU 4,668050,669781,4,17,115,13.80000019,112.9598312,112.9598312,112.9598312,941.3319092,941.3319092,941.3319092,-13.84699917,1.06001461,13.84699917,-0.31070027,67.83947754,579.4620972,0,0.74928862,1,
PINE FALLS GSU 5,668050,669782,5,15.5,115,13.80000019,90.36786652,90.36786652,90.36786652,753.0655518,753.0655518,753.0655518,-16.01366615,2.08011818,16.09700012,-0.51215059,78.88277435,673.7901611,0.08333492,1.56796801,1,
PINE FALLS GSU 6,668050,669783,6,15.5,115,13.80000019,90.36786652,90.36786652,90.36786652,753.0655518,753.0655518,753.0655518,-16.0136776,2.0706284,16.09700012,-0.4727824,78.87686157,673.7398071,0.08332244,1.5978502,1,
PINE FALLS BANK 10,668433,668052,10,15,65.09999847,110,248.3227081,297.9872437,249.2095795,146.9618835,176.3542633,147.4867554,-5.27260065,-0.39273983,5.27891922,0.52855772,45.29391479,25.91620064,0.00631784,0.13583347,1,
PINE FALLS BANK 9,668413,668057,9,15,65.09999847,110,248.3227081,297.9872437,248.3227081,146.9618835,176.3542633,146.9618835,-5.25899887,-0.39236304,5.26528454,0.52783853,45.17747498,25.84957695,0.00628539,0.13548513,1,
GREAT FALLS GSU 1,668062,669784,1,30,115,11,150.6131134,150.6131134,150.6131134,1574.591675,1574.591675,1574.591675,-20.39422607,2.98570132,20.44599915,-1.32611918,100.3546066,1075.390991,0.05177502,1.6595993,1,
GREAT FALLS GSU 2,668062,669785,2,21,115,11,105.4291763,105.4291763,105.4291763,1102.214111,1102.214111,1102.214111,-18.3587265,2.8963573,18.45299911,-0.90526354,90.49120331,969.6955566,0.09427284,1.99110734,1,
GREAT FALLS GSU 3,668062,669786,3,30,115,11,150.6131134,150.6131134,150.6131134,1574.591675,1574.591675,1574.591675,-24.29854202,3.51038718,24.37199974,-1.26304746,119.5338669,1280.914185,0.07345606,2.24735832,1,
GREAT FALLS GSU 4,668062,669787,4,30,115,11,150.6131134,150.6131134,150.6131134,1574.591675,1574.591675,1574.591675,-24.37199974,2.71365595,24.37199974,-0.47741243,119.3965836,1279.442871,0,2.2362566,1,
GREAT FALLS GSU 5,668062,669788,5,30,115,11,150.6131134,150.6131134,150.6131134,1574.591675,1574.591675,1574.591675,-22.33625984,3.21688271,22.39999962,-1.20571375,109.8736877,1177.396362,0.06374041,2.01117754,1,
GREAT FALLS GSU 6,668062,669789,6,30,115,11,150.6131134,150.6131134,150.6131134,1574.591675,1574.591675,1574.591675,-18.45299911,2.23711991,18.45299911,-0.95112509,90.50248718,969.8164062,0,1.28600705,1,
BROKEN HEAD BANK 1,668063,669871,1,1.04999995,114.3000031,12.47000027,20.20473289,20.20473289,20.20473289,185.1965637,185.1965637,185.1965637,1.26260412,0.53820795,-1.25197732,-0.43694106,6.80997086,59.25979996,0.01062653,0.10126458,1,
RAVEN LAKE BANK 1,668064,669112,1,15,110,32.5,104.4479141,104.4479141,104.4479141,353.5160217,353.5160217,353.5160217,3.38299322,0.52991945,-3.37945485,-0.47902352,17.40485001,60.28406143,0.00353811,0.050895,1,
RAVEN LAKE BANK 2,668064,669112,2,15,110,32.5,104.4479141,104.4479141,104.4479141,353.5160217,353.5160217,353.5160217,3.30628228,0.51300496,-3.30275488,-0.46327811,17.00635147,58.90384293,0.00352909,0.04972467,1,
BANK 3_20,668066,669855,3,15,110,12.47000027,123.3430099,130.6911011,141.188385,1088.029785,1152.848511,1245.446899,6.73339939,2.52650261,-6.7164073,-2.28027511,36.1021843,330.9125671,0.0169938,0.24622288,1,
BANK 4_13,668066,669855,4,15,110,12.47000027,123.3430099,130.6911011,141.188385,1088.029785,1152.848511,1245.446899,6.37197733,2.39115858,-6.35590458,-2.15816307,34.1648407,313.1551208,0.01607285,0.2330106,1,
BANK 1_45,668066,669892,1,10,110,4.15999985,36.2156105,39.36479187,67.18257904,957.6243286,1040.895996,1776.462402,2.5288713,0.88097686,-2.5233469,-0.82665801,13.44298077,369.3591919,0.0055246,0.05432524,1,
BANK 2_42,668066,669892,2,3.5,110,4.15999985,36.2156105,39.36479187,67.18257904,957.6243286,1040.895996,1776.462402,0.9964546,0.39980674,-0.99525088,-0.3779445,5.38973188,148.0879517,0.0012036,0.02185997,1,
BANK 3_21,668068,669893,3,6,110,4.15999985,31.49183273,31.49183273,31.49183273,832.7167358,832.7167358,832.7167358,0.53331339,0.1698866,-0.53296876,-0.16589791,2.811975,74.92990112,0.00034493,0.00399336,1,
BANK 1_46,669874,668069,1,5,12.47000027,110,666.7075806,666.7075806,666.7075806,75.58039856,75.58039856,75.58039856,-2.79361296,-0.89861006,2.80173397,1.0164758,136.7394562,14.9424181,0.00812089,0.11785796,1,
BANK 2_43,669874,668069,2,5,12.47000027,110,578.7392578,578.7392578,666.7075806,65.60798645,65.60798645,75.58039856,-2.7843442,-0.90702081,2.79201245,1.02466023,136.4492645,14.91069698,0.00766819,0.11763697,1,
BANK 1_47,668074,669856,1,10,105.75,12.47000027,60.05534744,69.88258362,60.05534744,509.2905273,592.6289673,509.2905273,5.17127228,1.79883933,-5.1570735,-1.62202787,27.51614952,239.6353607,0.01419817,0.17680743,1,
BANK 2_44,668074,669872,2,7.5,105.75,12.47000027,54.59577179,54.59577179,54.59577179,462.991394,462.991394,462.991394,5.17690086,1.85887015,-5.1570735,-1.62202787,27.64336205,240.7433472,0.01982734,0.2368466,1,
LAC DU BONNET BANK 1,669875,668075,1,7.5,12.47000027,110,699.1170044,699.1170044,699.1170044,79.25444794,79.25444794,79.25444794,-3.54708958,-0.72446215,3.5575223,0.83242691,162.4267883,17.80324173,0.010435,0.10799395,1,
LAC DU BONNET BANK 2,669875,668075,2,7.5,12.47000027,110,444.4717712,472.2511902,444.4717712,50.38693619,53.53611374,50.38693619,-3.54708958,-0.72446215,3.5575223,0.83242691,162.4267883,17.80324173,0.010435,0.10799395,1,
LAC DU BONNET BANK 3,669875,668075,3,9,12.47000027,110,555.5896606,555.5896606,555.5896606,62.98366547,62.98366547,62.98366547,-4.25650597,-0.86934471,4.26902771,0.99890709,194.9119873,21.36388779,0.012522,0.12959275,1,
BEAUSEJOUR BANK 1,669843,668076,1,7.5,12.47000027,110,462.991394,462.991394,462.991394,52.48638916,52.48638916,52.48638916,-3.11167741,-2.51592684,3.12340951,2.65732813,177.1539154,20.02268219,0.0117324,0.14141737,1,
BEAUSEJOUR BANK 2,669865,668076,2,15,12.47000027,110,1296.375854,1296.375854,1296.375854,146.9618835,146.9618835,146.9618835,-5.09817076,0.64464122,5.10588074,-0.51618659,227.5014801,25.05680466,0.00771032,0.1284506,1,
MCARTHUR FALLS GSU 3,668079,669792,3,17,115,6.9000001,85.347435,85.347435,85.347435,1422.457275,1422.457275,1422.457275,-13.95538425,3.53790522,13.99800014,-2.64265513,69.77307892,1191.957031,0.0426148,0.89526874,1,
MCARTHUR FALLS GSU 4,668079,669793,4,17,115,6.9000001,85.347435,85.347435,85.347435,1422.457275,1422.457275,1422.457275,-13.95550632,3.53602242,13.99800014,-2.64081645,69.77140808,1191.928589,0.0424934,0.895226,1,
MCARTHUR FALLS GSU 1,668080,669790,1,17,115,6.9000001,85.347435,85.347435,85.347435,1422.457275,1422.457275,1422.457275,-13.95406914,3.54172444,13.99800014,-2.64634871,69.77648926,1192.014526,0.04393212,0.89535552,1,
MCARTHUR FALLS GSU 2,668080,669791,2,17,115,6.9000001,85.347435,85.347435,85.347435,1422.457275,1422.457275,1422.457275,-13.95382595,3.5454762,13.99800014,-2.650038,69.7798233,1192.071899,0.04417511,0.89544141,1,
SEVEN SISTERS GSU 1,668081,669808,1,43,115,11,215.8787994,215.8787994,215.8787994,2256.914795,2256.914795,2256.914795,-28.63829803,1.72213483,28.69499969,-0.35148209,139.171463,1491.348755,0.05670272,1.37062895,1,
SEVEN SISTERS GSU 2,668081,669809,2,43,115,11,215.8787994,215.8787994,215.8787994,2256.914795,2256.914795,2256.914795,-28.63773727,1.70885754,28.69499969,-0.35148209,139.1649017,1491.278564,0.05726062,1.3573581,1,
SEVEN SISTERS GSU 3,668081,669810,3,43,115,11,215.8787994,215.8787994,215.8787994,2256.914795,2256.914795,2256.914795,-26.94680977,1.54298615,26.99500084,-0.35148209,130.9294586,1403.028076,0.04819138,1.19149005,1,
SEVEN SISTERS GSU 4,668081,669811,4,43,115,11,215.8787994,215.8787994,215.8787994,2256.914795,2256.914795,2256.914795,-27.55308723,1.59027803,27.59999847,-0.35148209,133.8787537,1434.632568,0.04691198,1.23882353,1,
SEVEN SISTERS GSU 5,668081,669812,5,32.70000076,110,11,180.0283051,180.0283051,180.0283051,1800.283081,1800.283081,1800.283081,-26.88675499,2.00676775,26.99500084,-0.35148209,130.7868042,1400.72644,0.10824862,1.65531075,1,
SEVEN SISTERS GSU 6,668081,669813,6,32.70000076,110,11,180.0283051,180.0283051,180.0283051,1800.283081,1800.283081,1800.283081,-26.87984467,2.00590491,26.99500084,-0.35148209,130.753067,1400.365112,0.11515892,1.65445697,1,
SK1 BANK 1,668084,668083,1,100,110,110,305.4707642,329.0896606,394.17276,305.4707642,329.0896606,394.17276,-9.04199886,0.94403291,9.04381752,-0.886639,43.52183151,44.08653641,0.00182028,0.0574306,1,
BRERTON BANK 1,669116,668085,1,7.5,12.47000027,127.0999985,555.5896606,555.5896606,555.5896606,54.50986099,54.50986099,54.50986099,-2.53210449,-0.47662476,2.53525686,0.52926528,123.9308472,12.46304798,0.00315258,0.05263858,1,
STAR LAKE BANK 1,669842,668086,1,7.5,12.47000027,127.0999985,342.6136475,375.0230408,500.0307312,33.61441422,36.79415894,49.05887604,-3.20917487,-0.73183364,3.21465659,0.82334864,163.272049,16.03251839,0.00548111,0.09151801,1,
START LAKE BANK 2,669842,668086,2,7.5,12.47000027,127.0999985,342.6136475,375.0230408,500.0307312,33.61441422,36.79415894,49.05887604,-3.22098327,-0.73378414,3.22650409,0.82564998,163.864624,16.09072685,0.00552098,0.09184901,1,
VIVIAN BANK 2,668089,669857,2,5,110,12.47000027,45.66315842,45.66315842,45.66315842,402.8024902,402.8024902,402.8024902,1.23313987,-1.29098785,-1.23019361,1.3336798,8.81160927,80.70275116,0.00294578,0.04268344,1,
VIVIAN BANK 1,669873,668089,1,7.5,12.47000027,110,578.7392578,578.7392578,578.7392578,65.60798645,65.60798645,65.60798645,-2.3378861,-1.39481318,2.34187961,1.45312726,121.0869751,13.60306549,0.00399372,0.05831018,1,
WHITESHELL PHASE SHIFTER BANK 7,668090,668091,7,100,110,110,877.0476074,973.0976562,1049.727783,877.0476074,973.0976562,1049.727783,-0.00664197,-9.20388603,0.00773217,9.23773861,44.65729904,44.657341,0.00112208,0.03384335,1,
WHITESHELL PHASE SHIFTER BANK 8,668090,668092,8,100,110,110,877.0476074,973.0976562,1049.727783,877.0476074,973.0976562,1049.727783,-0.00664765,-9.21781731,0.00771519,9.25187397,44.72489166,44.72542572,0.0011255,0.03394653,1,
WHITESHELL BANK 1,668090,669110,1,15,110,33,116.5197906,120.1938324,131.2159729,388.399292,400.6460876,437.3865662,3.98969579,0.77139258,-3.98561168,-0.69855982,19.71652412,68.29085541,0.00408329,0.07282875,1,
WHITESHELL BANK 2,668090,669110,2,15,110,33,116.5197906,120.1938324,157.4591675,388.399292,400.6460876,524.8638916,4.05187082,0.78329968,-4.04772282,-0.70935541,20.02367973,69.35482788,0.00414865,0.07396327,1,
WHITESHELL BANK 3,669921,668090,3,10,12.47000027,110,500.0307312,500.0307312,500.0307312,56.68530273,56.68530273,56.68530273,-1.12297583,-0.53113353,1.12377977,0.54076469,54.86443329,6.05102873,0.00080364,0.00962932,1,
BANK 1_54,668094,669120,1,10,110,12.47000027,69.80690002,69.80690002,69.80690002,615.7785645,615.7785645,615.7785645,2.19097924,2.84310269,-2.18518591,-2.74640036,17.92556953,160.0704498,0.00579322,0.09672166,1,
BANK 2_50,668094,669120,2,15,110,12.47000027,104.9727783,104.9727783,104.9727783,925.9827881,925.9827881,925.9827881,3.77957106,-2.66140413,-3.77449656,2.74640036,23.08544731,212.8969421,0.00507463,0.08500008,1,
BANK 1_55,669119,668096,1,60,24,110,2706.329346,2706.329346,2706.329346,590.4718628,590.4718628,590.4718628,-31.99855614,-11.02260876,32.04343033,12.37866497,794.899231,172.8310242,0.04487812,1.35609961,1,
BANK 2_51,669119,668096,2,60,24,110,2706.329346,2706.329346,2706.329346,590.4718628,590.4718628,590.4718628,-32.47055817,-11.16767406,32.51675797,12.54343414,806.4906616,175.3512115,0.0461965,1.37585247,1,
BANK 1_56,669864,668098,1,7.5,12.47000027,110,462.991394,462.991394,462.991394,52.48638916,52.48638916,52.48638916,-6.85375929,-1.82753968,6.89222956,2.30913091,327.3090515,36.92180252,0.03846913,0.48157653,1,
BANK 2_52,669864,668098,2,5,12.47000027,110,347.2435303,347.2435303,347.2435303,39.36479187,39.36479187,39.36479187,-4.64325476,-1.10879648,4.67761946,1.43211877,220.2819519,24.84869766,0.03436449,0.3233166,1,
BANK 3_24,669864,668098,3,5,12.47000027,110,347.2435303,347.2435303,347.2435303,39.36479187,39.36479187,39.36479187,-4.64325476,-1.10879648,4.67761946,1.43211877,220.2819519,24.84869766,0.03436449,0.3233166,1,
BANK 1_58,669922,668100,1,30,12.47000027,110,1726.957764,1912.154419,2495.523682,195.7742157,216.7687836,282.9016418,-17.7585144,-4.04767561,17.80581093,5.52423239,807.7490234,93.96670532,0.04729606,1.47656,1,
BANK 3_25,669850,668101,3,30,12.47000027,110,1726.957764,1912.154419,2495.523682,195.7742157,216.7687836,282.9016418,-17.7585144,-4.04767561,17.80677795,5.51744366,806.1972046,93.78689575,0.04826438,1.46976519,1,
BANK 10_3,668102,668407,10,30,110,65.09999847,156.9343109,156.9343109,157.4591675,265.1731873,265.1731873,266.0600281,12.81897545,6.04345608,-12.78240681,-5.42927265,71.60269165,124.0029755,0.03657171,0.6142171,1,
BANK 9_4,668102,668407,9,30,110,65.09999847,156.9343109,156.9343109,157.4591675,265.1731873,265.1731873,266.0600281,13.05040836,6.1841712,-13.01438522,-5.55825138,72.96363068,126.3599472,0.03602771,0.62596405,1,
BANK 3_26,669130,668102,3,36,24,110,1140.266846,1140.266846,1452.998169,248.7854919,248.7854919,317.0177917,-33.38376617,-1.8546536,33.4737587,4.68945599,818.2866821,170.7728729,0.08999339,2.83479238,1,
BANK 7_11,668104,669002,7,100,110,63.5,656.079834,753.1796875,655.5550537,1136.516235,1304.720703,1135.607178,54.49529266,13.79820061,-54.46240997,-12.21198082,288.8068237,489.3888245,0.03288314,1.58621299,1,
BANK 2_53,668105,669002,2,100,110,63.5,656.079834,753.1796875,655.5550537,1136.516235,1304.720703,1135.607178,54.49529266,13.79820061,-54.46240997,-12.21198082,288.8068237,489.3888245,0.03288314,1.58621299,1,
BANK 4_14,668106,669002,4,100,110,63.5,656.079834,753.1796875,655.5550537,1136.516235,1304.720703,1135.607178,54.49529266,13.79820061,-54.46240997,-12.21198082,288.8068237,489.3888245,0.03288314,1.58621299,1,
BANK 1_59,669121,668108,1,60,24,108.5999985,2388.786865,2499.445557,2706.329346,527.9086914,552.3637085,598.0838623,-36.84682083,-10.90189934,36.9295311,12.68225574,901.9006348,196.4771118,0.08271058,1.78029478,1,
BANK 2_54,669121,668108,2,60,24,108.5999985,2388.786865,2405.626221,2405.626221,527.9086914,531.6300659,531.6300659,-36.99399948,-11.4266758,37.05596161,13.22139549,908.7722778,197.9739838,0.06195766,1.79472423,1,
BANK 9_5,668111,668112,9,100,110,110,656.6046753,787.2958374,656.6046753,656.6046753,787.2958374,656.6046753,54.52947617,17.12528419,-54.50564194,-16.21318817,286.5140686,286.5137024,0.02383901,0.91184211,1,
BANK 9_6,668112,669025,9,100,110,63.5,656.6046753,787.2958374,656.6046753,1137.425415,1363.819458,1137.425415,54.50564194,16.21318817,-54.4029007,-13.16054153,286.5137024,492.6007996,0.10273711,3.05275989,1,
BANK 1_60,669851,668113,1,15,12.47000027,114.3000031,1245.446899,1245.446899,1245.446899,135.8768311,135.8768311,135.8768311,-12.98779583,-5.68267632,13.05140305,6.60496712,628.4395142,72.74742889,0.06360868,0.92232579,1,
BANK 2_55,669133,668114,2,33.75,24,110,2706.329346,2706.329346,2706.329346,590.4718628,590.4718628,590.4718628,-37.75522232,-10.72660065,37.96109009,17.18891335,905.4234009,207.9384003,0.20587038,6.46232128,1,
BANK 1_61,669134,668117,1,44.79999924,24,110,2706.329346,2706.329346,2706.329346,590.4718628,590.4718628,590.4718628,-32.26093292,-9.16562366,32.33783722,11.85461235,785.7481079,171.1735077,0.07690076,2.68896341,1,
BANK 1_62,668118,668425,1,30,110,65.09999847,180.0283051,180.0283051,209.9455566,304.195282,304.195282,354.7467346,11.62298584,3.12274432,-11.60571861,-2.77691197,60.76525497,105.2345047,0.0172698,0.34587836,1,
BANK 2_58,669118,668122,2,7.5,24.89999962,110,262.010376,262.010376,262.010376,59.3096199,59.3096199,59.3096199,-4.68555641,-1.17431116,4.70051479,1.35043752,108.8915482,24.16830635,0.0149569,0.17612509,1,
BANK 2_59,669866,668123,2,15,12.47000027,110,1296.375854,1296.375854,1296.375854,146.9618835,146.9618835,146.9618835,-8.53965664,-1.94643283,8.55759907,2.33103657,386.7920837,43.98123169,0.01794264,0.38462961,1,
BANK 1_64,669888,668125,1,15,12.47000027,110,1296.375854,1296.375854,1296.375854,146.9618835,146.9618835,146.9618835,-8.53965664,-1.94643283,8.55724907,2.32844734,388.0721741,43.86162567,0.01759385,0.38203782,1,
BANK 2_60,669887,668126,2,16.79999924,12.47000027,110,2592.751709,2592.751709,2592.751709,293.9237671,293.9237671,293.9237671,-27.39161301,-7.67392588,27.80803108,15.01544857,1304.599976,156.369339,0.41641957,7.34153461,1,
BANK 1_65,669858,668127,1,30,12.47000027,110,2777.948242,2777.948242,2777.948242,314.918335,314.918335,314.918335,-27.39161301,-7.67392588,27.55873489,10.57916832,1278.415161,146.0156403,0.16712557,2.90519953,1,
BANK 9_7,668128,668129,9,100,110,110,414.1176147,420.4159851,420.4159851,414.1176147,420.4159851,420.4159851,34.90054703,14.2063303,-34.90054703,-14.08453465,186.5755615,186.5746613,0,0.12130685,1,
BANK 8_6,668128,668130,8,100,110,110,420.4159851,420.4159851,420.4159851,420.4159851,420.4159851,420.4159851,34.90054703,14.2063303,-34.90054703,-14.08453465,186.5755615,186.5746613,0,0.12130685,1,
BANK 9_8,668129,669010,9,100,110,63.5,414.1176147,420.4159851,420.4159851,717.3690796,728.2796631,728.2796631,34.90054703,14.08453465,-34.82933807,-11.87463856,186.5746613,324.2084656,0.07120428,2.20987582,1,
BANK 8_7,668130,669010,8,100,110,63.5,420.4159851,420.4159851,420.4159851,728.2796631,728.2796631,728.2796631,34.90054703,14.08453465,-34.82933807,-11.87463856,186.5746613,324.2084656,0.07120428,2.20987582,1,
MANIGOTAGAN BANK 1,668136,669044,1,100,110,65.09999847,314.918335,314.918335,314.918335,532.1200562,532.1200562,532.1200562,4.65108538,0.96279883,-4.65073156,-0.94912893,23.28860092,35.41588593,0.00035083,0.01371441,1,
MANIGOTAGAN BANK 2,668136,669044,2,100,110,65.09999847,314.918335,314.918335,314.918335,532.1200562,532.1200562,532.1200562,4.65108538,0.96279883,-4.65073156,-0.94912893,23.28860092,35.41588593,0.00035083,0.01371441,1,
BANK 2_62,669924,668137,2,15,12.47000027,114.3000031,1245.446899,1245.446899,1245.446899,135.8768311,135.8768311,135.8768311,-12.98779583,-5.68267632,13.04918385,6.57405996,637.3337402,72.14722443,0.06139028,0.89138693,1,
BANK 13,668148,668419,13,30,110,65.09999847,209.9455566,209.9455566,209.9455566,354.7467346,354.7467346,354.7467346,35.56171799,16.76900101,-35.39295959,-13.31528854,193.7812042,335.5939331,0.16876218,3.4537375,1,
BANK 1_67,669131,668152,1,36,24,110,1443.37561,1732.050781,1443.37561,314.918335,377.9019775,314.918335,-13.59369946,-4.15048313,13.59741974,4.65675735,338.4916077,71.96273041,0.0037211,0.50629508,1,
BANK 2_63,669131,668152,2,36,24,110,1443.37561,1732.050781,1443.37561,314.918335,377.9019775,314.918335,-13.59369946,-4.15048313,13.59741974,4.65675735,338.4916077,71.96273041,0.0037211,0.50629508,1,
BANK 3_28,668152,669131,3,36,110,24,314.918335,377.9019775,314.918335,1443.37561,1732.050781,1443.37561,13.73054981,-0.3659662,-13.72778988,0.82831317,68.77184296,327.5259094,0.00275993,0.46239096,1,
BD801T,672501,672401,1,100,138,72,144.3375702,144.3375702,144.3375702,276.6470032,276.6470032,276.6470032,15.92184162,5.93728256,-15.92184162,-5.40646744,68.15797424,130.6361237,0,0.53081501,1,
BD803T,672501,672401,2,100,138,72,144.3375702,144.3375702,144.3375702,276.6470032,276.6470032,276.6470032,15.92184162,5.93728256,-15.92184162,-5.40646744,68.15797424,130.6361237,0,0.53081501,1,
BD903T,672601,672501,1,100,230,138,627.5546265,627.5546265,627.5546265,1045.924316,1045.924316,1045.924316,107.7306595,19.16875267,-107.7306595,-15.47781944,252.4584961,436.5427856,0,3.69090629,1,
BD901T,672601,672501,2,100,230,138,878.5764771,878.5764771,878.5764771,1464.294189,1464.294189,1464.294189,109.3433838,19.45589066,-109.3433838,-15.70937157,256.237854,443.0777283,0,3.74615932,1,
RE801T,672507,672407,1,100,138,72,376.5327759,376.5327759,376.5327759,721.6878052,721.6878052,721.6878052,56.86559677,25.68583488,-56.86559677,-22.95568657,252.2730103,477.4792175,0,2.73014951,1,
RE803T,672507,672407,2,100,138,72,376.5327759,376.5327759,376.5327759,721.6878052,721.6878052,721.6878052,57.46261597,25.9555397,-57.46261597,-23.19671631,254.9216156,482.4923096,0,2.75881243,1,
RE820T,672507,672407,3,100,138,72,376.5327759,376.5327759,376.5327759,721.6878052,721.6878052,721.6878052,57.66694641,26.04781151,-57.66694641,-23.27916145,255.8280334,484.2078552,0,2.76862264,1,
RE903T,672607,672507,1,100,230,138,520.1173096,650.1466064,650.1466064,866.8621216,1083.577637,1083.577637,99.50723267,-3.17414665,-99.50723267,5.93064404,233.0723572,403.0209656,0,2.75607848,1,
RE901T,672607,672507,2,100,230,138,520.1173096,650.1466064,520.1173096,866.8621216,1083.577637,866.8621216,99.50723267,-3.17414665,-99.50723267,5.93064404,233.0723572,403.0209656,0,2.75607848,1,
FS904T,672608,672508,1,100,230,138,719.9306641,719.9306641,753.0655518,1199.884399,1199.884399,1255.109253,33.41228104,11.89072704,-33.41228104,-11.49677563,83.40319824,144.2178345,0,0.39379516,1,
FS908T,672608,672508,2,100,230,138,719.9306641,719.9306641,753.0655518,1199.884399,1199.884399,1255.109253,33.0828476,11.77345562,-33.0828476,-11.38343334,82.58084869,142.7959137,0,0.38991252,1,
KE904T,672609,672509,1,100,230,138,376.5327759,376.5327759,376.5327759,627.5546265,627.5546265,627.5546265,11.20002079,5.17832851,-11.20002079,-5.1211133,29.55440903,49.87339401,0,0.05741134,1,
KE90XT,672609,672509,2,100,230,138,376.5327759,376.5327759,376.5327759,627.5546265,627.5546265,627.5546265,11.20002079,5.17832851,-11.20002079,-5.1211133,29.55440903,49.87339401,0,0.05741134,1,
CD806T,672512,672412,1,100,138,72,376.5327759,376.5327759,376.5327759,721.6878052,721.6878052,721.6878052,31.88971901,-1.7485323,-31.88971901,2.49620295,130.2831116,249.7092896,0,0.74767077,1,
CD802T,672512,672412,2,100,138,72,376.5327759,376.5327759,376.5327759,721.6878052,721.6878052,721.6878052,32.0978775,-1.75994575,-32.0978775,2.51249719,131.1335297,251.3392487,0,0.7525512,1,
CD803T,672512,672412,3,100,138,72,376.5327759,376.5327759,376.5327759,721.6878052,721.6878052,721.6878052,32.0978775,-1.75994575,-32.0978775,2.51249719,131.1335297,251.3392487,0,0.7525512,1,
CD906T,672612,672512,1,100,230,138,589.9013672,589.9013672,589.9013672,983.1689453,983.1689453,983.1689453,92.59873962,-9.83260918,-92.59873962,12.65616989,217.8570251,381.2498169,0,2.82343769,1,
CD903T,672612,672512,2,100,230,138,564.7991943,564.7991943,564.7991943,941.3319702,941.3319702,941.3319702,96.57537842,-10.25495529,-96.57537842,13.19963646,227.2128906,397.6224976,0,2.94468975,1,
,672612,672512,3,100,230,138,627.5546265,627.5546265,627.5546265,1045.924316,1045.924316,1045.924316,84.05786133,-5.55009222,-84.05786133,8.09230232,197.0855255,344.4825134,0,2.54240918,1,
1GTL-XF-1,672514,672314,1,100,138,13.80000019,277.7975159,277.7975159,277.7975159,2777.975342,2777.975342,2777.975342,-36.99999619,12.85733414,36.99999619,-10.56358147,159.8795319,1638.765747,0,2.29379511,1,
2GTL-XF-1,672514,672315,1,100,138,13.80000019,277.7975159,277.7975159,277.7975159,2777.975342,2777.975342,2777.975342,-36.99999619,12.85733414,36.99999619,-10.56358147,159.8795319,1638.765747,0,2.29379511,1,
TA801T,672514,672414,1,100,138,72,376.5327759,376.5327759,376.5327759,721.6878052,721.6878052,721.6878052,16.51239014,6.15046167,-16.51239014,-5.91823959,71.92138672,136.1263733,0,0.23227674,1,
TA803T,672514,672414,2,100,138,72,334.6958313,334.6958313,334.6958313,641.5003052,641.5003052,641.5003052,17.3520031,6.46325064,-17.3520031,-6.21911621,75.57847595,143.0479126,0,0.2440874,1,
TA809T,672514,672414,3,100,138,72,376.5327759,376.5327759,376.5327759,721.6878052,721.6878052,721.6878052,17.46586227,6.50567102,-17.46586227,-6.25997257,76.07442474,143.9866791,0,0.24568903,1,
TA902T,672614,672514,1,100,230,138,359.965332,359.965332,753.0655518,599.9421997,599.9421997,1255.109253,-0.39799911,14.84361458,0.39799911,-14.77402878,36.1946106,60.32435226,0,0.06958585,1,
TA906T,672614,672514,2,100,230,138,719.9306641,719.9306641,753.0655518,1199.884399,1199.884399,1255.109253,-0.39943123,14.89702606,0.39943123,-14.82718849,36.32485199,60.54141235,0,0.06983624,1,
YN801T,672515,672415,1,100,138,72,251.0218506,251.0218506,251.0218506,481.1252136,481.1252136,481.1252136,23.41796112,-16.96177864,-23.41796112,17.88983917,116.4898834,231.6453705,0,0.92797863,1,
YN802T,672515,672415,2,100,138,72,251.0218506,251.0218506,251.0218506,481.1252136,481.1252136,481.1252136,23.12679672,-16.75083542,-23.12679672,17.66737747,115.0413895,228.7650604,0,0.91644067,1,
YN901T,672615,672515,1,100,230,138,359.965332,630.0648804,630.0648804,599.9421997,1050.108154,1050.108154,123.6397705,-31.18803406,-123.6397705,36.91564178,311.8968506,519.828064,0,5.72760582,1,
PE802T,672516,672416,1,100,138,72,209.1848755,209.1848755,209.1848755,400.9376831,400.9376831,400.9376831,11.14356041,-0.69818294,-11.14356041,0.83419013,45.30144119,86.82776642,0,0.1360072,1,
PE903T,672616,672516,1,100,230,138,502.0437012,502.0437012,502.0437012,836.739502,836.739502,836.739502,37.48143768,13.15126896,-37.48143768,-12.55610847,93.88077545,160.3796387,0,0.59516019,1,
PE90XT,672616,672516,2,100,230,138,502.0437012,502.0437012,502.0437012,836.739502,836.739502,836.739502,38.72444534,13.58753872,-38.72444534,-12.97250938,96.99427795,165.698349,0,0.61489761,1,
BA805T,672517,672417,1,100,138,72,209.1848755,209.1848755,209.1848755,400.9376831,400.9376831,400.9376831,8.98248768,0.58713126,-8.98248768,-0.48968783,36.43904114,70.71451569,0,0.09744398,1,
BA801T,672517,672417,2,100,138,72,125.5109253,125.5109253,125.5109253,240.5626068,240.5626068,240.5626068,5.8711834,0.38375863,-5.8711834,-0.32008702,23.81748581,46.22082138,0,0.06369186,1,
WY801T,672518,672418,1,100,138,72,251.0218506,251.0218506,251.0218506,481.1252136,481.1252136,481.1252136,6.15502501,-0.07820406,-6.15502501,0.11905074,25.02432823,47.96330261,0,0.04084668,1,
WY802T,672518,672418,2,100,138,72,251.0218506,251.0218506,251.0218506,481.1252136,481.1252136,481.1252136,6.15233088,-0.07816983,-6.15233088,0.11899864,25.01337433,47.94230652,0,0.04082881,1,
,673418,672518,1,100,25,138,577.3502808,577.3502808,577.3502808,104.5924377,104.5924377,104.5924377,9.99944687,-3.33233547,-9.95667839,3.86753607,239.6992645,43.42377853,0.04276865,0.53520072,1,
,672525,672425,1,100,138,25,104.5924377,104.5924377,104.5924377,577.3502808,577.3502808,577.3502808,-19.99999809,6.38354206,19.99999809,-4.32431221,84.903862,468.6693726,0,2.05923009,1,
MV901T,672637,672537,1,100,230,138,719.9306641,719.9306641,753.0655518,1199.884399,1199.884399,1255.109253,29.38502502,5.35057211,-29.38502502,-5.0552969,72.13290405,121.7243423,0,0.29534933,1,
MV907T,672637,672537,2,100,230,138,719.9306641,719.9306641,753.0655518,1199.884399,1199.884399,1255.109253,29.38502502,5.35057211,-29.38502502,-5.0552969,72.13290405,121.7243423,0,0.29534933,1,
BE901T,672638,672538,1,100,230,138,359.965332,359.965332,421.7167053,599.9421997,599.9421997,702.8612061,69.30952454,-3.82003498,-69.30952454,5.24104691,163.5454102,279.3900146,0,1.42129338,1,
BE906T,672638,672538,2,100,230,138,359.965332,359.965332,421.7167053,599.9421997,599.9421997,702.8612061,69.02794647,-3.80436301,-69.02794647,5.21976471,162.8809814,278.2549438,0,1.41551936,1,
BE910T,672638,672538,3,100,230,138,451.839325,451.839325,451.839325,753.0655518,753.0655518,753.0655518,72.35160828,-3.98760629,-72.35160828,5.47110081,170.7236176,291.6528015,0,1.48367596,1,
QE854T,672540,672339,1,100,138,13.80000019,502.0437012,502.0437012,502.0437012,5020.437012,5020.437012,5020.437012,0,0.00001013,0,0,0.00004098,0,0,0,1,
QE804T,672540,672340,1,100,138,14.39999962,313.7773132,313.7773132,313.7773132,3007.032715,3007.032715,3007.032715,0,-0.00003684,0,0,0.00014907,0,0,0,1,
QE809T,672540,672341,1,100,138,14.39999962,313.7773132,313.7773132,313.7773132,3007.032715,3007.032715,3007.032715,0,-0.00003684,0,0,0.00014907,0,0,0,1,
QE806T,672540,672342,1,100,138,13.80000019,468.5741272,468.5741272,468.5741272,4685.741211,4685.741211,4685.741211,0,0,0,0,0,0,0,0,0,
QE852T,672540,672345,1,100,138,13.80000019,502.0437012,502.0437012,502.0437012,5020.437012,5020.437012,5020.437012,0,0.00002789,0,0,0.00011288,0,0,0,1,
QE858T,672540,672346,1,100,138,13.80000019,502.0437012,502.0437012,502.0437012,5020.437012,5020.437012,5020.437012,0,0.00001013,0,0,0.00004098,0,0,0,1,
QE830T,672540,672440,1,100,138,72,376.5327759,376.5327759,376.5327759,721.6878052,721.6878052,721.6878052,46.23538589,10.61904621,-46.23538589,-9.016716,191.9746094,367.9513245,0,1.60233021,1,
QE839T,672540,672440,2,100,138,72,376.5327759,376.5327759,376.5327759,721.6878052,721.6878052,721.6878052,42.39171982,9.73625851,-42.39171982,-8.26713371,176.015274,337.3626099,0,1.46912444,1,
QE834T,672540,672440,3,100,138,72,376.5327759,376.5327759,376.5327759,721.6878052,721.6878052,721.6878052,43.43842697,9.97665977,-43.43842697,-8.47126007,180.3613129,345.6925049,0,1.50539923,1,
QE903T-NEW,672540,672640,1,100,138,230,1255.109253,1255.109253,1255.109253,753.0655518,753.0655518,753.0655518,-57.62948227,-15.87633514,57.62948227,17.13334846,241.9002533,145.140152,0,1.25701451,1,
QE907T-NEW,672540,672640,2,100,138,230,1255.109253,1255.109253,1255.109253,753.0655518,753.0655518,753.0655518,-57.62948227,-15.87633514,57.62948227,17.13334846,241.9002533,145.140152,0,1.25701451,1,
QE906T-NEW,672540,672640,3,100,138,230,1255.109253,1255.109253,1255.109253,753.0655518,753.0655518,753.0655518,-57.62948227,-15.87633514,57.62948227,17.13334846,241.9002533,145.140152,0,1.25701451,1,
CY801T,672541,672347,1,100,138,13.80000019,502.0437012,502.0437012,502.0437012,5020.437012,5020.437012,5020.437012,-83.04098511,1.36811554,83.04098511,5.90417624,335.7153015,3525.010498,0,7.27227402,1,
CY802T,672541,672348,1,100,138,13.80000019,502.0437012,502.0437012,502.0437012,5020.437012,5020.437012,5020.437012,-83.04098511,1.33401525,83.04098511,5.90417624,335.7130737,3524.986816,0,7.23810291,1,
CY803T,672541,672349,1,100,138,13.80000019,502.0437012,502.0437012,502.0437012,5020.437012,5020.437012,5020.437012,-84.99999237,1.10246778,84.99999237,6.47083139,343.6173706,3607.982178,0,7.57328796,1,
WL801T,672543,672443,1,100,138,72,251.0218506,251.0218506,251.0218506,481.1252136,481.1252136,481.1252136,13.94387627,-2.15279937,-13.94387627,2.31264782,57.43006516,110.074295,0,0.15984829,1,
WL804T,672543,672443,2,100,138,72,251.0218506,251.0218506,251.0218506,481.1252136,481.1252136,481.1252136,14.63934517,-2.26017284,-14.63934517,2.42799401,60.2944603,115.5643845,0,0.16782092,1,
WL901T,672643,672543,1,100,230,138,359.965332,359.965332,534.6765747,599.9421997,599.9421997,891.1276245,-8.88050461,16.63251114,8.88050461,-16.49629211,45.75511932,76.25854492,0,0.13621995,1,
EL805T,672546,672446,1,100,138,72,251.0218506,251.0218506,251.0218506,481.1252136,481.1252136,481.1252136,1.56037247,-0.68438005,-1.56037247,0.6876086,6.89558983,13.38183594,0,0.00320269,1,
EL801T,672546,672446,2,100,138,72,281.1444702,281.1444702,281.1444702,538.8602295,538.8602295,538.8602295,2.34811378,-1.03000557,-2.34811378,1.03468907,10.37697029,20.13737679,0,0.00481955,1,
TD802T,672548,672448,1,100,138,72,251.0218506,251.0218506,251.0218506,481.1252136,481.1252136,481.1252136,13.25516701,1.26363218,-13.25516701,-1.07879043,54.18376541,103.852211,0,0.18484165,1,
TD806T,672548,672448,2,100,138,72,251.0218506,251.0218506,251.0218506,481.1252136,481.1252136,481.1252136,13.21918106,1.26020169,-13.21918106,-1.07586181,54.03665924,103.5702667,0,0.18433985,1,
,672553,672353,1,100,138,13.80000019,167.3479156,167.3479156,167.3479156,1673.479126,1673.479126,1673.479126,0,0,0,0,0,0,0,0,1,
PA801T,672554,672454,1,100,138,72,312.9406128,312.9406128,414.1860962,599.8028564,599.8028564,793.8566895,31.24048996,9.26600647,-31.24048996,-8.44881344,132.8861542,254.6984558,0,0.81719255,1,
PA805T,672554,672454,2,100,138,72,312.9406128,312.9406128,414.1860962,599.8028564,599.8028564,793.8566895,31.6309967,9.38183117,-31.6309967,-8.55442429,134.5472107,257.8822021,0,0.82740748,1,
IF801T,672560,672360,1,100,110,6.5999999,94.47549438,94.47549438,94.47549438,1574.591675,1574.591675,1574.591675,-13.99999714,-3.83863664,13.99999714,5.30000019,74.88524628,1279.289551,0,1.46136546,1,
IF802T,672560,672361,1,100,110,6.5999999,94.47549438,94.47549438,94.47549438,1574.591675,1574.591675,1574.591675,-13.99999714,-3.83863664,13.99999714,5.30000019,74.88524628,1279.289551,0,1.46136546,1,
IF803T,672560,672362,1,100,110,6.5999999,94.47549438,94.47549438,94.47549438,1574.591675,1574.591675,1574.591675,-13.99999714,-3.83863664,13.99999714,5.30000019,74.88524628,1279.289551,0,1.46136546,1,
IF804T,672560,672363,1,100,110,6.5999999,125.9673309,125.9673309,125.9673309,2099.455566,2099.455566,2099.455566,0,0.00000398,0,0,0.00002053,0,0,0,1,
IF805T,672560,672364,1,100,110,6.5999999,125.9673309,125.9673309,125.9673309,2099.455566,2099.455566,2099.455566,0,0.00000398,0,0,0.00002053,0,0,0,1,
IF806T,672560,672365,1,100,110,6.5999999,125.9673309,125.9673309,125.9673309,2099.455566,2099.455566,2099.455566,0,0.00000398,0,0,0.00002053,0,0,0,1,
IF807T,672560,672366,1,100,110,6.5999999,94.47549438,94.47549438,94.47549438,1574.591675,1574.591675,1574.591675,0,0.00000726,0,0,0.00003745,0,0,0,1,
IF842T,672561,672560,1,100,138,110,209.1848755,209.1848755,209.1848755,262.4319458,262.4319458,262.4319458,-39.02755737,-13.79812622,39.02755737,15.65825367,177.3449554,216.9250336,0,1.86017752,1,
IF843T,672561,672560,2,100,138,110,209.1848755,209.1848755,209.1848755,262.4319458,262.4319458,262.4319458,-38.67243958,-13.67247295,38.67243958,15.51582336,175.7311249,214.9512939,0,1.84325123,1,
IF906T,673561,672560,1,100,138,110,522.9621582,522.9621582,522.9621582,656.079834,656.079834,656.079834,0,-7.58400917,0,7.60929966,32.09107208,39.25297928,0,0.02533683,1,
LY901T,672666,672566,1,100,230,138,376.5327759,519.6152344,376.5327759,627.5546265,866.0253906,627.5546265,69.45330048,-15.98505688,-69.45330048,18.65706825,170.3818054,291.0690918,0,2.67184281,1,
LY90XT,672666,672566,2,100,230,138,502.0437012,502.0437012,502.0437012,836.739502,836.739502,836.739502,95.60653687,-22.00460243,-95.60653687,25.68238449,234.5406799,400.6734924,0,3.67794776,1,
CC804T,672570,672370,1,100,138,14.39999962,292.8588257,292.8588257,292.8588257,2806.563965,2806.563965,2806.563965,-58.47898865,3.02889276,58.47898865,0.56464535,234.4365997,2359.018066,0,3.59340787,1,
CC803T,672570,672371,1,100,138,14.39999962,292.8588257,292.8588257,292.8588257,2806.563965,2806.563965,2806.563965,-58.47898865,3.16486835,58.47898865,0.56464535,234.4653625,2359.307129,0,3.72933602,1,
CC801T,672570,672372,1,100,138,14.39999962,292.8588257,292.8588257,292.8588257,2806.563965,2806.563965,2806.563965,-58.47898865,3.06376553,58.47898865,0.58175588,234.4438477,2359.091064,0,3.6455617,1,
CC813T,672570,672470,1,100,138,72,251.0218506,251.0218506,251.0218506,481.1252136,481.1252136,481.1252136,10.14965343,1.31241906,-10.14965343,-1.22381806,40.97280884,79.51294708,0,0.0886888,1,
CC904T,672670,672570,1,100,230,138,529.6561279,529.6561279,529.6561279,882.7601929,882.7601929,882.7601929,26.7198925,32.18233871,-26.7198925,-31.58058167,99.37023926,165.6170654,0,0.60175711,1,
HA801T,672573,672473,1,100,138,72,209.1848755,209.1848755,209.1848755,400.9376831,400.9376831,400.9376831,24.68599319,11.65861607,-24.68599319,-10.30922222,111.4001389,208.178894,0,1.34934938,1,
HA806T,672573,672473,2,100,138,72,209.1848755,209.1848755,209.1848755,400.9376831,400.9376831,400.9376831,24.93509865,11.77621746,-24.93509865,-10.41328335,112.5241928,210.2796936,0,1.36296558,1,
ER831T,672578,672378,1,100,138,13.80000019,277.7975159,277.7975159,277.7975159,2777.975342,2777.975342,2777.975342,-45.66699219,0.20669393,45.66699219,2.91111064,186.3987885,1910.587524,0,3.11784768,1,
ER832T,672578,672379,1,100,138,13.80000019,277.7975159,277.7975159,277.7975159,2777.975342,2777.975342,2777.975342,0,0.00005487,0,0,0.00022394,0,0,0,1,
ER801T,672578,672478,1,100,138,72,209.1848755,209.1848755,209.1848755,400.9376831,400.9376831,400.9376831,6.53965712,0.64323986,-6.53965712,-0.59211123,26.82142639,51.40773392,0,0.05112861,1,
ER802T,672578,672478,2,100,138,72,251.0218506,251.0218506,251.0218506,481.1252136,481.1252136,481.1252136,7.30281258,0.71830374,-7.30281258,-0.66120857,29.95139503,57.40684128,0,0.05709514,1,
ER8X3T,672578,673378,1,100,138,13.80000019,277.7975159,277.7975159,277.7975159,2777.975342,2777.975342,2777.975342,0,-2.89859319,0,2.91111064,11.83105564,121.26651,0,0.01256059,1,
LD802T1,672580,672380,1,100,138,13.80000019,251.0218506,251.0218506,251.0218506,2510.218506,2510.218506,2510.218506,0,-0.00006868,0,0,0.00028064,0,0,0,1,
GL801T,672581,672481,1,100,138,72,209.1848755,209.1848755,209.1848755,400.9376831,400.9376831,400.9376831,11.59459019,0.79606342,-11.59459019,-0.64783299,47.29331589,90.64552307,0,0.14823042,1,
GL805T,672581,672481,2,100,138,72,209.1848755,209.1848755,209.1848755,400.9376831,400.9376831,400.9376831,10.96415043,0.75277853,-10.96415043,-0.61260796,44.72180176,85.71678925,0,0.14017059,1,
ML804T,672582,672482,1,100,138,72,209.1848755,209.1848755,209.1848755,400.9376831,400.9376831,400.9376831,25.66255951,-3.40242791,-25.66255951,3.97562456,105.9951859,203.1574402,0,0.57319647,1,
SW801T,672585,672485,1,100,138,72,334.6958313,334.6958313,334.6958313,641.5003052,641.5003052,641.5003052,25.65319824,-2.53797174,-25.65319824,3.10629487,104.8598099,202.6566925,0,0.56845844,1,
SW804T,672585,672485,2,100,138,72,251.0218506,251.0218506,251.0218506,481.1252136,481.1252136,481.1252136,20.61581421,5.79233742,-20.61581421,-5.30825424,87.10677338,166.9546509,0,0.48408353,1,
SW807T,672585,672485,3,100,138,72,209.1848755,209.1848755,209.1848755,400.9376831,400.9376831,400.9376831,20.56229782,4.73679543,-20.53965378,-4.26033068,85.83257294,164.5124207,0.02264469,0.47646454,1,
SW901T,672685,672585,1,100,230,138,539.6970215,539.6970215,539.6970215,899.4949951,899.4949951,899.4949951,85.02571869,8.45733833,-85.02571869,-5.62908888,200.4544525,346.6190491,0,2.82801676,1,
SW903T,672685,672585,2,100,230,138,502.0437012,502.0437012,502.0437012,836.739502,836.739502,836.739502,88.01657867,8.75473595,-88.01657867,-5.82717609,207.5056,358.8117371,0,2.92749524,1,
AS801T,672586,672486,1,100,138,72,167.3479156,167.3479156,167.3479156,320.7501526,320.7501526,320.7501526,12.17174721,-2.21817613,-12.17174721,2.48621631,50.01120758,97.052948,0,0.26807445,1,
AS805T,672586,672486,2,100,138,72,125.5109253,125.5109253,125.5109253,240.5626068,240.5626068,240.5626068,11.02687931,-2.00950027,-11.02687931,2.25239086,45.30715179,87.92424011,0,0.24285953,1,
AS904T,672686,672586,1,100,230,138,369.0021362,369.0021362,369.0021362,615.00354,615.00354,615.00354,50.2610321,1.97887683,-50.2610321,-1.01119065,117.5174561,203.2071991,0,0.96725738,1,
CH801T,672587,672487,1,100,138,72,83.67395782,83.67395782,83.67395782,160.3750763,160.3750763,160.3750763,6.73761129,-1.12765026,-6.73761129,1.30418515,27.56373978,52.83050156,0,0.1765348,1,
,672587,673487,1,100,138,25,52.29621887,52.29621887,52.29621887,288.6751404,288.6751404,288.6751404,0.24112682,-0.08902878,-0.24110132,0.08952285,1.03712153,5.72491074,0.0000255,0.00049408,1,
PQ801T,672588,672488,1,100,138,72,374.859314,374.859314,374.859314,718.4803467,718.4803467,718.4803467,41.60320282,10.63574791,-41.60320282,-9.3225832,173.1438141,331.8589783,0,1.31316483,1,
PQ803T,672588,672488,2,100,138,72,374.859314,374.859314,374.859314,718.4803467,718.4803467,718.4803467,41.60320282,10.63574791,-41.60320282,-9.3225832,173.1438141,331.8589783,0,1.31316483,1,
PQ901T,672688,672588,1,100,230,138,878.5764771,878.5764771,878.5764771,1464.294189,1464.294189,1464.294189,78.34378815,119.1556473,-78.34378815,-113.9513474,334.5478821,557.579834,0,5.20429182,1,
PQ902T,672688,672588,3,100,230,138,627.5546265,903.6786499,903.6786499,1045.924316,1506.131104,1506.131104,74.61312866,-63.72934723,-74.61312866,66.44617462,230.2013702,402.8527527,0,2.7166934,1,
PQSVS1,672588,673388,1,100,138,16,271.9403687,271.9403687,271.9403687,2345.485596,2345.485596,2345.485596,0,21.53331947,0,-20.70639038,86.8248291,748.8640747,0,0.82693034,1,
PQSVS2,672588,673389,2,100,138,16,271.9403687,271.9403687,271.9403687,2345.485596,2345.485596,2345.485596,0,21.53331947,0,-20.70639038,86.8248291,748.8640747,0,0.82693034,1,
,672591,672455,1,100,138,25,62.75546265,62.75546265,62.75546265,346.4101562,346.4101562,346.4101562,-4.58146095,1.56665039,4.58146095,-1.55423796,19.42491722,111.2462311,0,0.01237562,1,
BR901T,672696,672596,1,100,230,138,376.5327759,527.1459351,376.5327759,627.5546265,878.5765381,627.5546265,59.01646423,6.44848108,-59.01646423,-4.70121813,141.8720245,236.4533844,0,1.74726284,1,
BR902T,672696,672596,2,100,230,138,376.5327759,512.0845947,376.5327759,627.5546265,853.4743652,627.5546265,58.37613297,6.37851524,-58.37613297,-4.6502099,140.3327179,233.8878479,0,1.72830498,1,
YH810T,672597,672396,1,100,138,13.80000019,277.7975159,277.7975159,277.7975159,2777.975342,2777.975342,2777.975342,0,-0.00004408,0,0,0.00017599,0,0,0,1,
YH808T,672597,672397,1,100,138,13.80000019,277.7975159,277.7975159,277.7975159,2777.975342,2777.975342,2777.975342,0,0.00003816,0,0,0.00015236,0,0,0,1,
YH802T,672597,672398,1,100,138,13.80000019,277.7975159,277.7975159,277.7975159,2777.975342,2777.975342,2777.975342,0,-0.00004408,0,0,0.00017599,0,0,0,1,
YH814T,672597,673396,1,100,138,13.80000019,277.7975159,277.7975159,277.7975159,2777.975342,2777.975342,2777.975342,0,-11.40473366,0,11.61184978,45.52856064,466.6659241,0,0.20716058,1,
MRC801T,672598,672497,1,100,138,25,104.5924377,104.5924377,104.5924377,577.3502808,577.3502808,577.3502808,1.3594594,1.27403319,-1.3594594,-1.2570312,7.52795839,42.59328079,0,0.01700803,1,
BD904T,672601,672303,1,100,230,16,481.9619446,481.9619446,481.9619446,6928.203125,6928.203125,6928.203125,-80.35968781,-12.78298473,80.35968781,16.65578651,187.735733,2833.636475,0,3.87266207,1,
BD906T,672601,672304,1,100,230,16,385.3185425,385.3185425,385.3185425,5538.954102,5538.954102,5538.954102,0,0,0,0,0,0,0,0,0,
BD910T,672601,672305,1,100,230,15,385.3185425,385.3185425,385.3185425,5908.217773,5908.217773,5908.217773,0,0,0,0,0,0,0,0,0,
BD916T,672601,672306,1,100,230,18,903.6786499,903.6786499,903.6786499,11547.00488,11547.00488,11547.00488,-229.6538544,-67.61264801,229.6538544,90.55270386,552.3400879,7587.005859,0,22.93989182,1,
BD922T-1,672602,672601,1,100,230,230,502.0437012,502.0437012,502.0437012,502.0437012,502.0437012,502.0437012,0,0,0,0,0,0,0,0,0,
BD931T-1,672602,672601,2,100,230,230,753.0655518,1016.638489,1016.638489,753.0655518,1016.638489,1016.638489,-0.35427338,1.54960394,0.35431445,-1.54825389,3.66438675,3.66445231,0.00002621,0.00137586,1,
BD922T-2,672603,672602,1,100,230,230,502.0437012,502.0437012,502.0437012,502.0437012,502.0437012,502.0437012,0,0,0,0,0,0,0,0,0,
BD931T-2,672603,672602,2,100,230,230,753.0655518,1016.638489,1016.638489,753.0655518,1016.638489,1016.638489,-0.35427272,1.53756678,0.35427272,-1.54960394,3.82874966,3.66438627,0,0.00001271,1,
FS903T,672608,672408,1,100,230,72,313.7773132,313.7773132,313.7773132,1002.344177,1002.344177,1002.344177,61.75956726,27.11344147,-61.75956726,-23.10605049,158.620163,513.0372925,0,4.00744152,1,
PR901T,672610,672310,1,100,230,18,903.6786499,903.6786499,903.6786499,11547.00488,11547.00488,11547.00488,-185.58461,-5.12939978,185.58461,17.1270771,427.0462952,5729.537109,0,11.99757957,1,
PR903T,672610,672311,1,100,230,18,903.6786499,903.6786499,903.6786499,11547.00488,11547.00488,11547.00488,0,0.00002884,0,0,0.00006635,0,0,0,1,
AU901T,672613,672413,1,100,230,72,209.1012268,209.1012268,209.1012268,667.9622192,667.9622192,667.9622192,23.08111382,9.27099323,-23.08111382,-8.71393299,60.91221237,192.1481628,0,0.55696893,1,
AU905T,672613,672413,2,100,230,72,209.1012268,209.1012268,209.1012268,667.9622192,667.9622192,667.9622192,23.17668724,9.30930328,-23.17668724,-8.75005531,61.16436386,192.9439087,0,0.55927521,1,
AU903T,672613,672413,3,100,230,72,419.2065125,419.2065125,419.2065125,1339.131958,1339.131958,1339.131958,34.10828781,13.70014095,-34.10828781,-12.87713909,90.01335144,283.9485474,0,0.82306498,1,
SH902T,672621,672321,1,100,230,18,903.6786499,903.6786499,903.6786499,11547.00488,11547.00488,11547.00488,-213.5500488,-20.60650063,213.5500488,37.40007401,493.4911804,6778.649902,0,16.79348755,1,
EB905T-W1,672630,672330,1,100,230,14.39999962,120.4904861,120.4904861,120.4904861,1924.500977,1924.500977,1924.500977,-21,-0.22571902,21,1.3069663,48.90316391,820.1467285,0,1.08124042,1,
EB905T-W2,672630,672331,1,100,230,14.39999962,120.4904861,120.4904861,120.4904861,1924.500977,1924.500977,1924.500977,-38.99999237,2.43633628,38.99999237,1.3069663,90.99193573,1526.010376,0,3.74329543,1,
EB903T-W1,672630,672332,1,100,230,14.39999962,120.4904861,120.4904861,120.4904861,1924.500977,1924.500977,1924.500977,-38.99999237,2.43049622,38.99999237,1.3069663,90.99108124,1525.996094,0,3.73743224,1,
EB903T-W2,672630,672333,1,100,230,14.39999962,120.4904861,120.4904861,120.4904861,1924.500977,1924.500977,1924.500977,-38.99999237,2.43049622,38.99999237,1.3069663,90.99108124,1525.996094,0,3.73743224,1,
EB901T-W1,672630,672334,1,100,230,14.39999962,120.4904861,120.4904861,120.4904861,1924.500977,1924.500977,1924.500977,-38.99999237,2.37477517,38.99999237,1.3069663,90.98310089,1525.862427,0,3.68173862,1,
EB901T-W2,672630,672335,1,100,230,14.39999962,120.4904861,120.4904861,120.4904861,1924.500977,1924.500977,1924.500977,-38.99999237,2.37477517,38.99999237,1.3069663,90.98310089,1525.862427,0,3.68173862,1,
EB907T-W1,672630,672336,1,100,230,14.39999962,120.4904861,120.4904861,120.4904861,1924.500977,1924.500977,1924.500977,-42.99999619,3.99558878,42.99999619,1.52479398,100.5605927,1686.484741,0,5.52034426,1,
EB907T-W2,672630,672337,1,100,230,14.39999962,120.4904861,120.4904861,120.4904861,1924.500977,1924.500977,1924.500977,-42.99999619,3.99558878,42.99999619,1.52479398,100.5605927,1686.484741,0,5.52034426,1,
,672634,672471,1,100,230,25,215.8787994,215.8787994,215.8787994,1986.084961,1986.084961,1986.084961,-11.65999889,3.64890361,11.65999889,-3.34684062,28.67199516,276.9714355,0,0.30205831,1,
CE917T,672649,672449,1,100,230,72,209.1012268,209.1012268,209.1012268,667.9622192,667.9622192,667.9622192,10.12218571,0.2055916,-10.12218571,-0.08545363,23.44787025,78.6480484,0,0.12005415,1,
CE90XT,672649,672449,2,100,230,72,209.1012268,209.1012268,209.1012268,667.9622192,667.9622192,667.9622192,10.12218571,0.2055916,-10.12218571,-0.08545363,23.44787025,78.6480484,0,0.12005415,1,
NI901T,672650,672350,1,100,230,13.80000019,251.0218506,251.0218506,251.0218506,4183.697754,4183.697754,4183.697754,-84.99999237,-18.41006279,84.99999237,25.06806946,200.8424377,3598.426758,0,6.65805912,1,
NI902T,672650,672351,1,100,230,13.80000019,251.0218506,251.0218506,251.0218506,4183.697754,4183.697754,4183.697754,-84.99999237,-18.41006279,84.99999237,25.06806946,200.8424377,3598.426758,0,6.65805912,1,
NI903T,672650,672352,1,100,230,13.80000019,251.0218506,251.0218506,251.0218506,4183.697754,4183.697754,4183.697754,-77.72698212,-20.15233421,77.72698212,25.82770538,185.4303436,3322.293213,0,5.67542458,1,
85-TXP-001,672666,672367,1,100,230,13.80000019,251.0218506,251.0218506,251.0218506,4183.697754,4183.697754,4183.697754,-85.96398163,20.47902489,85.96398163,-2.15625143,211.2638397,3697.116943,0,18.32271576,1,
85-TXP-002,672666,672368,1,100,230,13.80000019,283.6546936,283.6546936,283.6546936,4727.578125,4727.578125,4727.578125,-85.96398163,13.66345882,85.96398163,-2.15625143,208.092392,3641.616455,0,11.50718117,1,
85-TXP-001_2,672666,672369,1,100,230,13.80000019,251.0218506,251.0218506,251.0218506,4183.697754,4183.697754,4183.697754,-53.43898392,7.98983288,53.43898392,-1.1881386,129.1757355,2260.574951,0,6.80170441,1,
RU901T,672684,672484,1,100,230,34.5,627.5546265,627.5546265,627.5546265,4183.697266,4183.697266,4183.697266,-78.69104004,-15.63175583,78.69104004,22.10346222,186.4197845,1351.543579,0,6.47171211,1,
CHINOOK #1 G,672685,672389,1,100,230,18,677.7590332,677.7590332,677.7590332,8660.253906,8660.253906,8660.253906,-140.5390625,94.21640015,140.5390625,-78,396.9380188,5198.78418,0,16.21632957,1,
CHINOOK #2 G,672685,672390,1,100,230,13.80000019,376.5327759,376.5327759,376.5327759,6275.546387,6275.546387,6275.546387,-75,33.95347977,75,-27.04278183,193.1403809,3299.483398,0,6.91080761,1,
,673486,672686,1,100,34.5,230,3748.593018,3748.593018,4685.741211,562.2889404,562.2889404,702.8612061,39.99999619,-64.84056854,-39.99999619,68.22705078,1231.84082,184.776123,0,3.38648486,1,
,672688,673390,1,100,230,18,677.7590332,677.7590332,677.7590332,8660.253906,8660.253906,8660.253906,-145.6999969,36.44122314,145.6999969,-23.66402817,352.3407593,4614.68457,0,12.77712154,1,
,672688,673391,1,100,230,13.80000019,376.5327759,376.5327759,376.5327759,6275.546387,6275.546387,6275.546387,-106.1999664,19.78678513,106.1999664,-7.88800955,253.4323273,4329.469238,0,11.89888668,1,
1A-CTG-GSU-0,672699,672392,1,100,230,18,502.0437012,502.0437012,502.0437012,6415.00293,6415.00293,6415.00293,-99.99998474,33.63593674,99.99998474,-27.05921173,252.2297821,3303.509277,0,6.5767231,1,
1S-STG-GSU-0,672699,672393,1,100,230,13.80000019,276.124054,276.124054,276.124054,4602.067383,4602.067383,4602.067383,-59.99999237,12.80228329,59.99999237,-9.01973724,146.6698761,2505.609375,0,3.78245711,1,
,673511,672387,1,100,138,13.80000019,117.1435318,117.1435318,117.1435318,1171.435303,1171.435303,1171.435303,8.13978004,1.16266608,-8.13978004,-0.76606387,33.16833496,342.0484009,0,0.39659894,1,
,673517,672326,1,66.69999695,138,13.80000019,271.9403687,271.9403687,271.9403687,2719.403564,2719.403564,2719.403564,-35.99999619,-0.64642823,35.99999619,2.42874837,146.3852386,1479.954712,0,1.78227425,1,
,673517,672327,1,66.69999695,138,13.80000019,271.9403687,271.9403687,271.9403687,2719.403564,2719.403564,2719.403564,-16.99999809,-1.33768129,16.99999809,1.7374953,69.32885742,700.914978,0,0.3997682,1,
,673528,673548,1,100,138,25,184.0827026,125.5109253,179.8990021,1016.136475,692.8203125,993.0424805,10.75944901,8.13112736,-10.74014664,-7.49947643,54.92322922,298.4386597,0.01929833,0.6316244,1,
,673543,673443,1,100,138,13.80000019,279.0526123,279.0526123,279.0526123,2790.526123,2790.526123,2790.526123,-23.99999619,-4.67648792,23.99999619,6.06161785,99.64086914,1010.358215,0,1.38514221,1,
PGRE-GSU,673555,673552,1,100,138,13.80000019,209.1848755,209.1848755,209.1848755,2091.848877,2091.848877,2091.848877,-8.16238976,4.02430058,8.18195152,-3.78020096,36.78796768,367.8796997,0.01956195,0.24409907,1,
MPT-1 _1,673609,673408,1,75,230,34.5,313.7773132,313.7773132,313.7773132,2091.848633,2091.848633,2091.848633,-39.29815674,23.33992386,39.41077042,-20.86663628,110.6189194,733.4850464,0.04269034,2.4329741,1,
MPT-2 _1,673609,673409,1,75,230,34.5,313.7773132,313.7773132,313.7773132,2091.848633,2091.848633,2091.848633,-39.43193817,22.60248566,39.54407883,-20.15625,109.9990692,729.395874,0.04221567,2.40592194,1,
,673631,673431,1,100,230,34.5,476.9415283,476.9415283,476.9415283,3179.610352,3179.610352,3179.610352,-34.99999237,-31.42938614,34.99999237,32.78855515,108.1745758,775.2510986,0,1.35917246,1,
