bus_num,bus_name,bus_area,bus_zone,bus_owner,bus_basekv,criteria_nlo,criteria_nhi,criteria_elo,criteria_ehi,stat,bus_pu,bus_angle,violate
667000,KEEWATINOHK4230.00,667,11,1193,230.0000000,0.94999999,1.04999995,0.89999998,1.09000003,1,0.99854171,-17.18311501,
667001,HENDAY 4    230.00,667,11,1193,230.0000000,0.94999999,1.04999995,0.89999998,1.09000003,1,1.00999999,-14.23737335,
667002,LIMEST54    230.00,667,11,1193,230.0000000,0.94999999,1.04999995,0.89999998,1.10000002,1,1.00992358,-14.23779106,
667003,LIMEST44    230.00,667,11,1193,230.0000000,0.94999999,1.04999995,0.89999998,1.10000002,1,1.01166213,-14.04021358,
667004,LIMEST34    230.00,667,11,1193,230.0000000,0.94999999,1.04999995,0.89999998,1.10000002,1,1.01166260,-14.04021645,
667005,LIMEST24    230.00,667,11,1193,230.0000000,0.94999999,1.04999995,0.89999998,1.10000002,1,1.01169646,-14.03929424,
667006,LIMEST14    230.00,667,11,1193,230.0000000,0.94999999,1.04999995,0.89999998,1.10000002,1,1.01165855,-14.04019165,
667007,LONGSL54    230.00,667,11,1193,230.0000000,0.94999999,1.04999995,0.89999998,1.10000002,1,0.99998772,-10.09003925,
667008,LONGSL44    230.00,667,11,1193,230.0000000,0.94999999,1.04999995,0.89999998,1.10000002,1,1.00010002,-10.05285358,
667009,LONGSL34    230.00,667,11,1193,230.0000000,0.94999999,1.04999995,0.89999998,1.10000002,1,1.00005352,-10.06520462,
667010,LONGSL24    230.00,667,11,1193,230.0000000,0.94999999,1.04999995,0.89999998,1.10000002,1,1.00004935,-10.07311344,
667011,LONGSL14    230.00,667,11,1193,230.0000000,0.94999999,1.04999995,0.89999998,1.10000002,1,1.00004828,-10.07537556,
667012,LONGSPR4    230.00,667,11,1193,230.0000000,0.94999999,1.04999995,0.89999998,1.10000002,1,1.00000000,-10.08998108,
667013,RADL43R4    230.00,667,11,1193,230.0000000,0.94999999,1.04999995,0.89999998,1.10000002,1,0.98863626,-8.45910740,
667014,RADL42R4    230.00,667,11,1193,230.0000000,0.94999999,1.04999995,0.89999998,1.10000002,1,0.98852772,-8.44511604,
667015,RADL41R4    230.00,667,11,1193,230.0000000,0.94999999,1.04999995,0.89999998,1.10000002,1,0.98864108,-8.45898342,
667016,RADISON4    230.00,667,12,1193,230.0000000,0.94999999,1.04999995,0.89999998,1.10000002,1,1.04373574,-18.83255196,
667017,KELSEY 4    230.00,667,12,1193,230.0000000,0.94999999,1.04999995,0.89999998,1.10000002,1,1.03626847,-18.71010780,
667018,MYSLKRD4    230.00,667,12,1193,230.0000000,0.94999999,1.04999995,0.89999998,1.10000002,1,1.03876805,-21.09423447,
667019,WUSK SS4    230.00,667,12,1193,230.0000000,0.94999999,1.04999995,0.89999998,1.10000002,1,1.03999996,-21.34448433,
667020,WUSK 3 4    230.00,667,12,1193,230.0000000,0.94999999,1.04999995,0.89999998,1.10000002,1,1.03999424,-21.34453583,
667021,WUSK 2 4    230.00,667,12,1193,230.0000000,0.94999999,1.04999995,0.89999998,1.10000002,1,1.03999043,-21.32058334,
667022,WUSK 1 4    230.00,667,12,1193,230.0000000,0.94999999,1.04999995,0.89999998,1.10000002,1,1.03998768,-21.31952667,
667023,DUNLOP 4    230.00,667,12,1193,230.0000000,0.94999999,1.04999995,0.89999998,1.10000002,1,1.03858876,-23.04521751,
667024,JENPE46B    230.00,667,12,1193,230.0000000,0.94999999,1.04999995,0.89999998,1.10000002,1,1.03999567,-22.10355377,
667025,JENPE13B    230.00,667,12,1193,230.0000000,0.94999999,1.04999995,0.89999998,1.10000002,1,1.04000580,-22.10024643,
667026,JENPEG 4    230.00,667,12,1193,230.0000000,0.94999999,1.04999995,0.89999998,1.10000002,1,1.03999996,-22.10345078,
667027,WILRIVR4    230.00,667,13,1193,230.0000000,0.94999999,1.04999995,0.89999998,1.10000002,4,0.00000000,0.00000000,
667028,GR.RPDS4    230.00,667,13,1193,230.0000000,0.94999999,1.04999995,0.89999998,1.10000002,1,1.02999997,-29.48418236,
667029,ASHERN 4    230.00,667,13,1193,230.0000000,0.94999999,1.04999995,0.89999998,1.10000002,1,1.04346943,-30.86832619,
667030,SILVRTP4    230.00,667,15,1193,230.0000000,0.94999999,1.04999995,0.89999998,1.10000002,1,1.04628527,-29.52343369,
667031,SILVER 4    230.00,667,15,1193,230.0000000,0.94999999,1.04999995,0.89999998,1.10000002,1,1.04290295,-29.10617447,
667033,DORSEYS4    230.00,667,15,1193,230.0000000,0.94999999,1.04999995,0.89999998,1.05999994,1,1.04499912,-24.64613724,
667035,DORSEY 4    230.00,667,15,1193,230.0000000,0.94999999,1.04999995,0.89999998,1.05999994,1,1.04499996,-24.64596939,
667036,DC5 JCT4    230.00,667,15,1193,230.0000000,0.94999999,1.04999995,0.89999998,1.10000002,1,0.96581322,-21.69961548,
667037,DC6 JCT4    230.00,667,15,1193,230.0000000,0.94999999,1.04999995,0.89999998,1.10000002,1,0.96544391,-21.69719696,
667038,ROSSER 4    230.00,667,15,1193,230.0000000,0.94999999,1.04999995,0.89999998,1.10000002,1,1.03757668,-25.97212410,
667039,RIDGEWY4    230.00,667,15,1193,230.0000000,0.94999999,1.04999995,0.89999998,1.10000002,1,1.04206312,-25.51607513,
667041,RIEL   4    230.00,667,15,1193,230.0000000,1.00000000,1.04999995,0.94999999,1.10000002,1,1.04499996,-25.06031799,
667043,STVITAL4    230.00,667,15,1193,230.0000000,0.94999999,1.04999995,0.89999998,1.10000002,1,1.04347301,-25.78741646,
667044,TRANTP24    230.00,667,15,1193,230.0000000,0.94999999,1.04999995,0.89999998,1.10000002,1,1.04330838,-25.34098053,
667045,TRANTP14    230.00,667,15,1193,230.0000000,0.94999999,1.04999995,0.89999998,1.10000002,1,1.04333866,-25.33623886,
667046,RICHER 4    230.00,667,15,1193,230.0000000,0.94999999,1.04999995,0.89999998,1.10000002,1,1.02933741,-27.97640038,
667047,LAVEREN4    230.00,667,15,1193,230.0000000,0.94999999,1.04999995,0.89999998,1.10000002,1,1.04123998,-26.34127998,
667048,LETELER4    230.00,667,15,1193,230.0000000,0.94999999,1.04999995,0.89999998,1.10000002,1,1.02734160,-31.39554977,
667049,STANLEY4    230.00,667,15,1193,230.0000000,0.94999999,1.04999995,0.89999998,1.10000002,1,1.01550078,-34.62722397,
667050,ST.LEON4    230.00,667,14,1193,230.0000000,0.94999999,1.04999995,0.89999998,1.10000002,1,1.01490343,-35.80727005,
667051,STLEONG4    230.00,667,14,1193,230.0000000,0.94999999,1.04999995,0.89999998,1.10000002,1,1.01586163,-35.78397369,
667052,GLENBOR4    230.00,667,14,1193,230.0000000,0.94999999,1.04999995,0.89999998,1.10000002,1,0.99672782,-40.86347961,
667053,PORTSOU4    230.00,667,15,1193,230.0000000,0.94999999,1.04999995,0.89999998,1.10000002,1,1.02242029,-30.32693481,
667054,HERB LK4    230.00,667,13,1193,230.0000000,0.94999999,1.04999995,0.89999998,1.10000002,1,1.02746153,-25.18597603,
667055,CLIFFLK4    230.00,667,13,1193,230.0000000,0.94999999,1.04999995,0.89999998,1.10000002,1,1.01435220,-30.35638237,
667056,CRANBTP4    230.00,667,13,1193,230.0000000,0.94999999,1.04999995,0.89999998,1.10000002,1,1.02259493,-30.79959106,
667057,NAMEWTP4    230.00,667,13,1193,230.0000000,0.94999999,1.04999995,0.89999998,1.10000002,1,1.02821827,-31.17459297,
667058,TOLKO  4    230.00,667,13,1193,230.0000000,0.94999999,1.04999995,0.89999998,1.10000002,1,1.03083265,-31.53246689,
667059,RALL   4    230.00,667,13,1193,230.0000000,0.94999999,1.04999995,0.89999998,1.10000002,1,1.03096473,-31.53856659,
667060,OVERFLO4    230.00,667,13,1193,230.0000000,0.94999999,1.04999995,0.89999998,1.10000002,1,1.02638447,-32.64375305,
667061,MINTS  4    230.00,667,13,1193,230.0000000,0.94999999,1.04999995,0.89999998,1.10000002,1,1.03115308,-38.74890518,
667062,VERMIL 4    230.00,667,13,1193,230.0000000,0.94999999,1.04999995,0.89999998,1.10000002,1,1.02583587,-42.57689667,
667063,ROBLIN 4    230.00,667,13,1193,230.0000000,0.94999999,1.04999995,0.89999998,1.10000002,1,1.01485562,-48.89364624,
667064,RAVLAKE4    230.00,667,13,1193,230.0000000,0.94999999,1.04999995,0.89999998,1.10000002,1,1.00873232,-50.38565063,
667065,BIRTLE 4    230.00,667,13,1193,230.0000000,0.94999999,1.04999995,0.89999998,1.10000002,1,1.00627100,-53.16544342,
667066,VIRDN W4    230.00,667,13,1193,230.0000000,0.94999999,1.04999995,0.89999998,1.10000002,1,0.98398662,-54.61117935,
667067,RESTON 4    230.00,667,13,1193,230.0000000,0.94999999,1.04999995,0.89999998,1.10000002,1,0.97191113,-54.63521576,
667068,SOURENB4    230.00,667,13,1193,230.0000000,0.94999999,1.04999995,0.89999998,1.10000002,1,0.95961535,-48.26029205,
667069,SOURSTP4    230.00,667,13,1193,230.0000000,0.94999999,1.04999995,0.89999998,1.10000002,1,0.96188611,-47.98517990,
667070,CORNWLS4    230.00,667,14,1193,230.0000000,0.94999999,1.04999995,0.89999998,1.10000002,1,0.96539843,-44.54212570,
667071,NEEPAWA4    230.00,667,14,1193,230.0000000,0.94999999,1.04999995,0.89999998,1.10000002,1,0.97758061,-40.20513916,
667072,WHTSL2 4    220.00,667,17,1193,220.0000000,0.99318182,1.09772730,0.94090909,1.14999998,1,1.09507382,28.52870369,
667073,WHTSL1 4    220.00,667,17,1193,220.0000000,0.99318182,1.09772730,0.94090909,1.14999998,1,1.09505403,28.52878571,
667076,RIEL SS4    230.00,667,15,1193,230.0000000,1.00000000,1.04999995,0.94999999,1.10000002,1,1.04499996,-25.06031799,
667077,STJOS1 4    230.00,667,15,1193,230.0000000,0.94999999,1.04999995,0.89999998,1.10000002,1,1.02847517,-31.36491966,
667080,ROCKWD 4    230.00,667,15,1193,230.0000000,0.94999999,1.04999995,0.89999998,1.10000002,1,1.03788877,-26.60686684,
667082,DESALABERRY4230.00,667,15,1193,230.0000000,0.94999999,1.04999995,0.89999998,1.10000002,1,1.03073955,-28.81102562,
667085,G82RPHT1    230.00,667,14,1193,230.0000000,0.94999999,1.04999995,0.89999998,1.10000002,1,0.99703926,-10.78774071,
667086,ROQUET_TAP  230.00,667,15,1193,230.0000000,0.94999999,1.04999995,0.89999998,1.10000002,1,1.01558805,-31.46031952,
667087,ROQUET_24   230.00,667,15,1193,230.0000000,0.94999999,1.04999995,0.89999998,1.10000002,1,1.01753986,-30.99251366,
667100,MH_NC_SWING 230.00,667,11,1193,230.0000000,0.94999999,1.04999995,0.89999998,1.10000002,3,0.99999994,-10.08474159,
667101,RESTONTWR2  230.00,667,13,1193,230.0000000,0.94999999,1.04999995,0.89999998,1.10000002,1,0.97188425,-54.63938522,
667102,RESTONTWR104230.00,667,13,1193,230.0000000,0.94999999,1.04999995,0.89999998,1.10000002,1,0.96663105,-55.34944153,
667103,CRMREBRDG   230.00,667,13,1193,230.0000000,0.94999999,1.04999995,0.89999998,1.10000002,1,0.96654844,-55.35969162,
667104,LONGSPT14   230.00,667,11,1193,230.0000000,0.94999999,1.04999995,0.89999998,1.10000002,1,1.00002253,-10.08550358,
667105,LONGSPT24   230.00,667,11,1193,230.0000000,0.94999999,1.04999995,0.89999998,1.10000002,1,1.00000000,-10.08998108,
667106,LONGSPT34   230.00,667,11,1193,230.0000000,0.94999999,1.04999995,0.89999998,1.10000002,1,1.00000000,-10.08998108,
667107,LONGSPT44   230.00,667,11,1193,230.0000000,0.94999999,1.04999995,0.89999998,1.10000002,1,1.00002241,-10.08550072,
667108,LONGSPT54   230.00,667,11,1193,230.0000000,0.94999999,1.04999995,0.89999998,1.10000002,1,0.99999791,-10.08998966,
667109,WASHAKEMAY-T230.00,667,15,1193,230.0000000,0.94999999,1.04999995,0.89999998,1.10000002,1,1.01764166,-30.95498466,
667200,LIMESTN6    138.00,667,12,1193,138.0000000,0.94999999,1.04999995,0.89999998,1.10000002,1,1.04311872,-18.92776871,
667201,KN36-TP6    138.00,667,12,1193,138.0000000,0.94999999,1.04999995,0.89999998,1.10000002,1,1.04076719,-18.84763336,
667202,KETTLES6    138.00,667,12,1193,138.0000000,0.94999999,1.04999995,0.89999998,1.10000002,1,1.04082441,-18.84964752,
667203,GILLAM 6    138.00,667,12,1193,138.0000000,0.94999999,1.04999995,0.89999998,1.10000002,1,1.04075491,-18.84855080,
667204,ILFORD 6    138.00,667,12,1193,138.0000000,0.94999999,1.04999995,0.89999998,1.10000002,1,1.03388774,-18.27096558,
667205,SPLITLK6    138.00,667,12,1193,138.0000000,0.94999999,1.04999995,0.89999998,1.10000002,1,1.02091408,-17.46847725,
667206,INCO   6    138.00,667,12,1193,138.0000000,0.94999999,1.04999995,0.89999998,1.10000002,1,0.98594254,-21.15471458,
667207,BURNTWD6    138.00,667,12,1193,138.0000000,0.94999999,1.04999995,0.89999998,1.10000002,1,0.98721004,-21.22372055,
667208,NELHOUS6    138.00,667,12,1193,138.0000000,0.94999999,1.04999995,0.89999998,1.10000002,1,1.01413190,-21.69098091,
667209,NOTIGI 6    138.00,667,12,1193,138.0000000,0.94999999,1.04999995,0.89999998,1.10000002,1,1.02602124,-21.85891342,
667210,SUWANETP6   138.00,667,12,1193,138.0000000,0.94999999,1.04999995,0.89999998,1.10000002,1,1.03881526,-21.99936485,
667211,RUTTNLK6    138.00,667,12,1193,138.0000000,0.94999999,1.04999995,0.89999998,1.10000002,1,1.04235864,-22.19597244,
667212,LEAFRPD6    138.00,667,12,1193,138.0000000,0.94999999,1.04999995,0.89999998,1.10000002,1,1.04213929,-22.25457001,
667213,LAURRIV6    138.00,667,12,1193,138.0000000,0.94999999,1.05030000,0.89999998,1.10000002,1,1.04982316,-22.01736450,
667214,OXFORD 6    138.00,667,12,1193,138.0000000,0.94999999,1.04999995,0.89999998,1.10000002,1,1.02226770,-20.39036179,
667215,GODSNAR6    138.00,667,12,1193,138.0000000,0.94999999,1.04999995,0.89999998,1.10000002,1,1.01077998,-21.38915825,
667216,RADISON6    138.00,667,12,1193,138.0000000,0.94999999,1.04999995,0.89999998,1.10000002,1,1.04075015,-18.84947586,
667217,KELSEY 6    138.00,667,12,1193,138.0000000,0.94999999,1.04999995,0.89999998,1.10000002,1,1.01999998,-17.37862396,
667218,THMPB8 6    138.00,667,12,1193,138.0000000,0.94999999,1.04999995,0.89999998,1.10000002,1,0.98395193,-21.16205597,
667219,WASAGMK6    138.00,667,12,1193,138.0000000,0.94999999,1.04999995,0.89999998,1.10000002,1,1.00149810,-22.24804688,
667220,THMPB9 6    138.00,667,12,1193,138.0000000,0.94999999,1.04999995,0.89999998,1.10000002,1,0.98758215,-21.17979813,
667221,GARDNHL6    138.00,667,12,1193,138.0000000,0.94999999,1.04999995,0.89999998,1.10000002,1,1.00232255,-22.08625031,
667222,CHURCHL6    138.00,667,12,1193,138.0000000,0.94999999,1.04999995,0.89999998,1.10000002,1,0.98734307,-19.16444778,
667223,KT1-TP 6    138.00,667,12,1193,138.0000000,0.94999999,1.04999995,0.89999998,1.10000002,1,0.98654521,-21.09647179,
667224,RAD_K1_6    138.00,667,11,1193,138.0000000,0.94999999,1.04999995,0.89999998,1.10000002,1,1.01100087,-5.10949373,
667225,RAD_K2_6    138.00,667,11,1193,138.0000000,0.94999999,1.04999995,0.89999998,1.10000002,1,1.01101494,-5.10955811,
667226,RAD_K3_6    138.00,667,11,1193,138.0000000,0.94999999,1.04999995,0.89999998,1.10000002,1,1.01155913,-4.79291964,
667227,RAD_K4_6    138.00,667,11,1193,138.0000000,0.94999999,1.04999995,0.89999998,1.10000002,1,1.01157892,-4.80704737,
667228,RAD_K5_6    138.00,667,11,1193,138.0000000,0.94999999,1.04999995,0.89999998,1.10000002,1,1.01157176,-4.80700064,
667229,RAD_K6_6    138.00,667,11,1193,138.0000000,0.94999999,1.04999995,0.89999998,1.10000002,1,1.01157832,-4.80704308,
667230,RAD_K7_6    138.00,667,11,1193,138.0000000,0.94999999,1.04999995,0.89999998,1.10000002,1,1.00984645,-5.42949867,
667231,RADSNDC6    138.00,667,11,1193,138.0000000,0.94999999,1.04999995,0.89999998,1.10000002,1,1.00999999,-5.42716360,
667232,KEEYASK6    138.00,667,11,1193,138.0000000,0.94999999,1.04999995,0.89999998,1.10000002,1,1.02999997,1.53202379,
667247,KEEY_1-2_6  138.00,667,11,1193,138.0000000,0.94999999,1.04999995,0.89999998,1.10000002,1,1.03333437,2.32593656,
667248,KEEY_3_6    138.00,667,11,1193,138.0000000,0.94999999,1.04999995,0.89999998,1.10000002,1,1.03330922,2.32325459,
667249,KEEY_4_6    138.00,667,11,1193,138.0000000,0.94999999,1.04999995,0.89999998,1.10000002,1,1.03323579,2.32876086,
667250,KEEY_5_6    138.00,667,11,1193,138.0000000,0.94999999,1.04999995,0.89999998,1.10000002,1,1.03170204,1.93102217,
667251,KEEY_6-7_6  138.00,667,11,1193,138.0000000,0.94999999,1.04999995,0.89999998,1.10000002,1,1.03170073,1.93054128,
667252,KEEYASKTP   138.00,667,12,1193,138.0000000,0.94999999,1.04999995,0.89999998,1.10000002,1,1.03873527,-18.65777206,
667253,KEEY_CONSA  138.00,667,12,1193,138.0000000,0.94999999,1.04999995,0.89999998,1.10000002,1,1.03864133,-18.72062492,
667254,KEEY_CONSB  138.00,667,11,1193,138.0000000,0.94999999,1.04999995,0.89999998,1.10000002,1,1.02939248,1.36714435,
667255,WUSKRD6     138.00,667,12,1193,138.0000000,0.94999999,1.04999995,0.89999998,1.10000002,1,0.99144226,-21.29033279,
667256,KEEWAT_CONST138.00,667,12,1193,138.0000000,0.94999999,1.04999995,0.89999998,1.10000002,1,1.04373133,-18.94417572,
667257,KR1TP       138.00,667,11,1193,138.0000000,0.94999999,1.04999995,0.89999998,1.10000002,1,1.02937114,1.36746061,
667301,POINTDB7    110.00,667,17,1193,110.0000000,0.99318182,1.10000002,0.94090909,1.14999998,1,1.09658754,-16.14450455,
667302,SLAVEFL7    110.00,667,17,1193,110.0000000,0.99318182,1.09772730,0.94090909,1.14999998,1,1.09276617,-16.40051842,
667304,STAFFORD7   110.00,667,15,1193,110.0000000,0.99090999,1.09773004,0.94000000,1.14999998,1,1.03610730,-29.19673920,
667500,DORSEY 2    500.00,667,15,1193,500.0000000,1.00000000,1.07000005,0.89999998,1.10000002,1,1.03818464,-25.77970695,
667501,RIEL   2    500.00,667,15,1193,500.0000000,1.00000000,1.07000005,0.89999998,1.10000002,1,1.03848362,-26.30558968,
667661,KEW-DCPL1   230.00,667,11,1193,230.0000000,0.94999999,1.04999995,0.89999998,1.09000003,1,0.99854171,-17.18311501,
667662,KEW-DCPL2   230.00,667,11,1193,230.0000000,0.94999999,1.04999995,0.89999998,1.09000003,1,0.99854171,-17.18311501,
667669,KEW-DCBUS   230.00,667,11,1193,230.0000000,0.94999999,1.04999995,0.89999998,1.09000003,1,0.99854171,-17.18311501,
667671,RIE-DCPL1   230.00,667,15,1193,230.0000000,1.00000000,1.04999995,0.94999999,1.10000002,1,1.04499996,-25.06031799,
667672,RIE-DCPL2   230.00,667,15,1193,230.0000000,1.00000000,1.04999995,0.94999999,1.10000002,1,1.04499996,-25.06031799,
667679,RIE-DCBUS   230.00,667,15,1193,230.0000000,1.00000000,1.04999995,0.94999999,1.10000002,1,1.04499996,-25.06031799,
668000,ROSS LK7    110.00,667,13,1193,110.0000000,0.99318182,1.09772730,0.94090909,1.14999998,1,1.00801146,-31.70219994,
668001,FLINFLN7    110.00,667,13,1193,110.0000000,0.99318182,1.09772730,0.94090909,1.14999998,1,1.00797594,-31.71078300,
668002,BORDER7     110.00,667,13,1193,110.0000000,0.99318182,1.09772730,0.94090909,1.14999998,1,1.00821352,-31.72249603,
668003,LINE1TP7    110.00,667,13,1193,110.0000000,0.99318182,1.09772730,0.94090909,1.14999998,1,1.00540113,-32.64533234,
668004,MILE13 7    110.00,667,13,1193,110.0000000,0.99318182,1.09772730,0.94090909,1.14999998,1,1.00540113,-32.64533234,
668005,LINE2TP7    110.00,667,13,1193,110.0000000,0.99318182,1.09772730,0.94090909,1.14999998,1,1.00540113,-32.64533234,
668006,SHERRDN7    110.00,667,13,1193,110.0000000,0.99318182,1.09772730,0.94090909,1.14999998,1,1.00774944,-26.90162277,
668007,HERB TP7    110.00,667,13,1193,110.0000000,0.99090999,1.03636003,0.94999999,1.04999995,1,1.00552678,-26.63221169,
668008,STALLK 7    110.00,667,13,1193,110.0000000,0.99318182,1.09772730,0.94090909,1.14999998,1,1.00525403,-26.64819527,
668009,SNOWLK 7    110.00,667,13,1193,110.0000000,0.99318182,1.09772730,0.94090909,1.14999998,1,1.00464582,-26.67655563,
668010,SNOWMIL7    110.00,667,13,1193,110.0000000,0.99318182,1.09772730,0.94090909,1.14999998,1,1.00522351,-26.64988708,
668011,TVXMINE7    110.00,667,13,1193,110.0000000,0.99318182,1.09772730,0.94090909,1.14999998,1,1.00460029,-26.67888260,
668012,CHSLKTP7    110.00,667,13,1193,110.0000000,0.99318182,1.09772730,0.94090909,1.14999998,1,1.00193763,-26.75378609,
668014,CHISLT27    110.00,667,13,1193,110.0000000,0.99318182,1.09772730,0.94090909,1.14999998,1,1.00439215,-26.68953705,
668015,MR11 T 7    110.00,667,14,1193,110.0000000,0.99318182,1.09772730,0.94090909,1.14999998,1,1.04769468,-47.69969559,
668016,RAPDCTY7    110.00,667,14,1193,110.0000000,0.99318182,1.09772730,0.94090909,1.14999998,1,1.05094230,-47.59967041,
668017,BRANE  7    110.00,667,14,1193,110.0000000,0.99090999,1.07272995,0.94000000,1.10000002,1,1.05844259,-47.26489639,
668018,HIGHLND7    110.00,667,14,1193,110.0000000,0.99090999,1.07272995,0.94000000,1.10000002,1,1.05390930,-47.60269165,
668019,FORTIER7    110.00,667,14,1193,110.0000000,0.99090999,1.07272995,0.94000000,1.10000002,1,1.05147147,-47.85719681,
668020,CROCUSP7    110.00,667,14,1193,110.0000000,0.99090999,1.07272995,0.94000000,1.10000002,1,1.05433607,-47.64540482,
668021,BD52-TP7    110.00,667,14,1193,110.0000000,0.99318182,1.09772730,0.94090909,1.14999998,1,1.05804706,-47.31348419,
668022,BRANDON7    110.00,667,14,1193,110.0000000,0.99090999,1.07272995,0.94000000,1.10000002,1,1.05959582,-47.17314911,
668023,BE1 TP 7    110.00,667,14,1193,110.0000000,0.99318182,1.09772730,0.94090909,1.14999998,1,1.05959582,-47.17314911,
668024,KOCHB2 7    110.00,667,14,1193,110.0000000,0.99318182,1.09772730,0.94090909,1.14999998,1,1.05919051,-47.21130753,
668025,KOCHB1 7    110.00,667,14,1193,110.0000000,0.99318182,1.09772730,0.94090909,1.14999998,1,1.05918932,-47.21133423,
668026,BK41-TP7    110.00,667,14,1193,110.0000000,0.99318182,1.09772730,0.94090909,1.14999998,1,1.05638063,-47.98117447,
668027,MAPLELF7    110.00,667,14,1193,110.0000000,0.99318182,1.09772730,0.94090909,1.14999998,1,1.05810702,-47.29240417,
668028,CANEXUS7    110.00,667,14,1193,110.0000000,0.99318182,1.09772730,0.94090909,1.14999998,1,1.05472672,-48.23764801,
668029,NEPWA  7    110.00,667,14,1193,110.0000000,0.99090999,1.07272995,0.94000000,1.10000002,1,1.06314969,-46.15766525,
668030,MINDOS 7    110.00,667,14,1193,110.0000000,0.99318182,1.09772730,0.94090909,1.14999998,1,1.05045187,-47.42713928,
668031,WARRENT7    110.00,667,15,1193,110.0000000,0.99318182,1.09772730,0.94090909,1.14999998,1,1.04746902,-32.67625809,
668032,WARREN17    110.00,667,15,1193,110.0000000,0.99318182,1.09772730,0.94090909,1.14999998,1,1.04972541,-28.62886047,
668033,WARREN27    110.00,667,15,1193,110.0000000,0.99318182,1.09772730,0.94090909,1.14999998,1,1.04732716,-32.68443298,
668034,CW8 TAP7    110.00,667,15,1193,110.0000000,0.99318182,1.09772730,0.94090909,1.14999998,1,1.05094886,-28.53563309,
668035,CN9 TAP7    110.00,667,15,1193,110.0000000,0.99318182,1.09772730,0.94090909,1.14999998,1,1.04887390,-30.64014053,
668036,STONWB27    110.00,667,15,1193,110.0000000,0.99318182,1.09772730,0.94090909,1.14999998,1,1.05060363,-28.55624390,
668037,STONWB17    110.00,667,15,1193,110.0000000,0.99318182,1.09772730,0.94090909,1.14999998,1,1.04852808,-30.66083908,
668038,ROSSER 7    110.00,667,15,1193,110.0000000,0.99090999,1.07272995,0.94000000,1.10000002,1,1.06296945,-28.17075729,
668039,STONYMT7    110.00,667,15,1193,110.0000000,0.99318182,1.09772730,0.94090909,1.14999998,1,1.06159472,-29.11124611,
668040,PARKDAL7    110.00,667,15,1193,110.0000000,0.99090999,1.07272995,0.94000000,1.10000002,1,1.05612099,-28.15406609,
668041,CARBB2 7    110.00,667,14,1193,110.0000000,0.99318182,1.09772730,0.94090909,1.14999998,1,1.03370941,-44.35884094,
668042,MACRGR 7    110.00,667,14,1193,110.0000000,0.99318182,1.09772730,0.94090909,1.14999998,1,1.03439891,-41.11669159,
668043,STVITAL7    110.00,667,15,1193,110.0000000,0.99090999,1.07272995,0.94000000,1.10000002,1,1.04901493,-28.06401062,
668044,PORTAGE7    110.00,667,15,1193,110.0000000,0.99090999,1.07272995,0.94000000,1.10000002,1,1.03918469,-37.75103378,
668045,CARBRYN7    110.00,667,14,1193,110.0000000,0.99318182,1.09772730,0.94090909,1.14999998,1,1.03259301,-44.45436859,
668046,AUSTIN 7    110.00,667,14,1193,110.0000000,0.99318182,1.09772730,0.94090909,1.14999998,1,1.03219676,-42.17745972,
668047,LAVEREN7    110.00,667,15,1193,110.0000000,0.99090999,1.07272995,0.94000000,1.10000002,1,1.06230879,-28.13844109,
668048,LIBAU  7    110.00,667,17,1193,110.0000000,0.99318182,1.09772730,0.94090909,1.14999998,1,1.06059003,-25.15582466,
668049,PF-BK8 7    110.00,667,17,1193,110.0000000,0.99318182,1.09772730,0.94090909,1.14999998,1,1.07373881,-19.95635223,
668050,PINEFLS7    110.00,667,17,1193,110.0000000,0.99318182,1.09772730,0.94090909,1.14999998,1,1.07377672,-19.95092201,
668051,GULL LK7    110.00,667,17,1193,110.0000000,0.99318182,1.09772730,0.94090909,1.14999998,1,1.06434965,-23.13452911,
668052,PA2-TAP7    110.00,667,17,1193,110.0000000,0.99318182,1.09772730,0.94090909,1.14999998,1,1.07377112,-19.95144081,
668053,ABIT-1 7    110.00,667,17,1193,110.0000000,0.99318182,1.09772730,0.94090909,1.14999998,1,1.07379186,-19.95188141,
668054,HERB LK7    110.00,667,13,1193,110.0000000,0.99090999,1.03636003,0.94999999,1.04999995,1,1.00637841,-26.56771851,
668055,CLIFF1 7    110.00,667,13,1193,110.0000000,0.99318182,1.09772730,0.94090909,1.14999998,1,1.00844491,-31.48598480,
668056,CLIFF2 7    110.00,667,13,1193,110.0000000,0.99318182,1.09772730,0.94090909,1.14999998,1,1.00825071,-31.51094437,
668057,PA1-TAP7    110.00,667,17,1193,110.0000000,0.99318182,1.09772730,0.94090909,1.14999998,1,1.07377112,-19.95144081,
668058,ABIT-2 7    110.00,667,17,1193,110.0000000,0.99318182,1.09772730,0.94090909,1.14999998,1,1.07379198,-19.95187759,
668061,PF-BK7 7    110.00,667,17,1193,110.0000000,0.99318182,1.09772730,0.94090909,1.14999998,1,1.07378995,-19.94994926,
668062,GREATFL7    110.00,667,17,1193,110.0000000,0.99318182,1.09772730,0.94090909,1.14999998,1,1.07775164,-19.56697464,
668063,BROKNHD7    110.00,667,17,1193,110.0000000,0.99318182,1.09772730,0.94090909,1.14999998,1,1.05824041,-24.00367546,
668064,RAVLAKE7    110.00,667,13,1193,110.0000000,0.99090999,1.07272995,0.94000000,1.10000002,1,1.01661086,-49.66370392,
668065,SELKIRK7    110.00,667,15,1193,110.0000000,0.99090999,1.07272995,0.94000000,1.10000002,1,1.04767871,-27.31901169,
668066,MERCYST7    110.00,667,15,1193,110.0000000,1.00908995,1.05455005,0.94000000,1.10000002,1,1.04577291,-27.91207123,
668067,SELKMLL7    110.00,667,15,1193,110.0000000,1.00908995,1.05455005,0.94000000,1.10000002,1,1.04497337,-28.07923698,
668068,PRAXAIR7    110.00,667,15,1193,110.0000000,0.99318182,1.09772730,0.94090909,1.14999998,1,1.04497051,-28.07945442,
668069,ESTSELK7    110.00,667,15,1193,110.0000000,0.99318182,1.09772730,0.94090909,1.14999998,1,1.04756486,-27.33342552,
668070,CORNW1 7    110.00,667,14,1193,110.0000000,0.99318182,1.09772730,0.94090909,1.14999998,1,1.05976892,-47.14384842,
668071,CORNW3 7    110.00,667,14,1193,110.0000000,0.99318182,1.09772730,0.94090909,1.14999998,1,1.05976987,-47.14590836,
668072,CORNW427    110.00,667,14,1193,110.0000000,0.99318182,1.09772730,0.94090909,1.14999998,1,1.05979133,-47.14042282,
668074,OAKBANK7    110.00,667,15,1193,110.0000000,0.99318182,1.09772730,0.94090909,1.14999998,1,1.04619253,-27.92666626,
668075,LACDUBN7    110.00,667,17,1193,110.0000000,0.99318182,1.09772730,0.94090909,1.14999998,1,1.07589650,-20.53653526,
668076,BEAUSJ 7    110.00,667,17,1193,110.0000000,0.99318182,1.09772730,0.94090909,1.14999998,1,1.07405329,-20.96441460,
668077,SG12 TP7    110.00,667,17,1193,110.0000000,0.99318182,1.09772730,0.94090909,1.14999998,1,1.07706451,-20.58741760,
668078,MCARTHR7    110.00,667,17,1193,110.0000000,0.99318182,1.09772730,0.94090909,1.14999998,1,1.08272672,-18.24869919,
668079,MCARTH27    110.00,667,17,1193,110.0000000,0.99318182,1.09772730,0.94090909,1.14999998,1,1.08273959,-18.24562836,
668080,MCARTH17    110.00,667,17,1193,110.0000000,0.99318182,1.09772730,0.94090909,1.14999998,1,1.08266222,-18.23505783,
668081,7SISTER7    110.00,667,17,1193,110.0000000,0.99318182,1.09772730,0.94090909,1.14999998,1,1.08200002,-20.47437477,
668082,SR3SW3T7    110.00,667,17,1193,110.0000000,0.99318182,1.09772730,0.94090909,1.14999998,1,1.08200002,-20.47437477,
668083,SK1  TP7    110.00,667,17,1193,110.0000000,0.99318182,1.09772730,0.94090909,1.14999998,1,1.08196735,-20.53607750,
668084,SK1 SUB7    110.00,667,17,1193,110.0000000,0.99318182,1.09772730,0.94090909,1.14999998,1,1.09595561,-20.97232819,
668085,BRERTON7    110.00,667,17,1193,110.0000000,0.99318182,1.09772730,0.94090909,1.14999998,1,1.08807647,-21.92725945,
668086,STAR LK7    110.00,667,17,1193,110.0000000,0.99318182,1.09772730,0.94090909,1.14999998,1,1.08244908,-22.44024467,
668089,VIVIAN 7    110.00,667,17,1193,110.0000000,0.99318182,1.09772730,0.94090909,1.14999998,1,1.06469560,-24.02563095,
668090,WHITESH7    110.00,667,17,1193,110.0000000,0.99318182,1.09772730,0.94090909,1.14999998,1,1.08209658,-20.60095024,
668091,WHSL1PH7    110.00,667,17,1193,110.0000000,0.99318182,1.09772730,0.94090909,1.14999998,1,1.08930063,28.54330635,
668092,WHSL2PH7    110.00,667,17,1193,110.0000000,0.99318182,1.09772730,0.94090909,1.14999998,1,1.08930683,28.54323578,
668093,TRANSCO7    110.00,667,15,1193,110.0000000,0.99090999,1.07272995,0.94000000,1.10000002,1,1.05306399,-26.87750626,
668094,GRIFSTL7    110.00,667,15,1193,110.0000000,0.99318182,1.09772730,0.94090909,1.14999998,1,1.05308390,-26.88548279,
668096,PLESSIS7    110.00,667,15,1193,110.0000000,0.99090999,1.07272995,0.94000000,1.10000002,1,1.04628825,-28.13624573,
668097,ILEDESC7    110.00,667,15,1193,110.0000000,0.99318182,1.09772730,0.94090909,1.14999998,1,1.04595566,-28.43966103,
668098,RANDOLP7    110.00,667,15,1193,110.0000000,0.99318182,1.09772730,0.94090909,1.14999998,1,1.03587317,-29.19578362,
668100,DAKOTB17    110.00,667,15,1193,110.0000000,0.99318182,1.09772730,0.94090909,1.14999998,1,1.04445517,-28.56664467,
668101,DAKOTB37    110.00,667,15,1193,110.0000000,0.99318182,1.09772730,0.94090909,1.14999998,1,1.04627609,-28.56489372,
668102,HARROW 7    110.00,667,15,1193,110.0000000,0.99090999,1.07272995,0.94000000,1.10000002,1,1.04134285,-29.13984489,
668104,STAFFORDBK7 110.00,667,1648,1193,110.0000000,0.99090999,1.09773004,0.94000000,1.14999998,1,1.03123713,-30.60864258,
668105,STAFFORDBK2 110.00,667,1648,1193,110.0000000,0.99090999,1.09773004,0.94000000,1.14999998,1,1.03123713,-30.60864258,
668106,STAFFORDBK4 110.00,667,1648,1193,110.0000000,0.99090999,1.09773004,0.94000000,1.14999998,1,1.03123713,-30.60864258,
668108,MOHAWK 7    110.00,667,15,1193,110.0000000,0.99090999,1.07272995,0.94000000,1.10000002,1,1.04567099,-28.84775352,
668109,YX48-TP7    110.00,667,15,1193,110.0000000,0.99318182,1.09772730,0.94090909,1.14999998,1,1.05023670,-28.82954216,
668110,ST.JAME7    110.00,667,15,1193,110.0000000,0.99318182,1.09772730,0.94090909,1.14999998,1,1.04833078,-29.47379684,
668111,SHERBK 7    110.00,667,15,1193,110.0000000,0.99318182,1.09772730,0.94090909,1.14999998,1,1.04691756,-29.57397842,
668112,SHBK-PH7    110.00,667,1648,1193,110.0000000,0.99318182,1.09772730,0.94090909,1.14999998,1,1.04028201,-29.70607758,
668113,INKSTER7    110.00,667,15,1193,110.0000000,0.99318182,1.09772730,0.94090909,1.14999998,1,1.05451131,-28.90407562,
668114,WILKES 7    110.00,667,15,1193,110.0000000,0.99090999,1.07272995,0.94000000,1.10000002,1,1.05374014,-28.71631813,
668115,WILK-TP7    110.00,667,15,1193,110.0000000,0.99090999,1.07272995,0.94000000,1.10000002,1,1.05688918,-28.44829178,
668116,YV5-TP 7    110.00,667,15,1193,110.0000000,0.99318182,1.09772730,0.94090909,1.14999998,1,1.05993128,-28.30852318,
668117,WILKES27    110.00,667,15,1193,110.0000000,0.99090999,1.07272995,0.94000000,1.10000002,1,1.05763173,-28.53755569,
668118,TREHERN7    110.00,667,15,1193,110.0000000,0.99318182,1.09772730,0.94090909,1.14999998,1,1.03771687,-30.96047592,
668119,YM31TP 7    110.00,667,15,1193,110.0000000,0.99318182,1.09772730,0.94090909,1.14999998,1,1.06494725,-28.49044037,
668121,ROSNFLD7    110.00,667,15,1193,110.0000000,0.99318182,1.09772730,0.94090909,1.14999998,1,1.06455398,-28.52299118,
668122,LOWEFRM7    110.00,667,15,1193,110.0000000,0.99318182,1.09772730,0.94090909,1.14999998,1,1.06328166,-28.57374001,
668123,AUG B2 7    110.00,667,15,1193,110.0000000,0.99318182,1.09772730,0.94090909,1.14999998,1,1.05946124,-28.39542961,
668124,KIRKFLD7    110.00,667,15,1193,110.0000000,0.99090999,1.07272995,0.94000000,1.10000002,1,1.05883384,-28.45300865,
668125,AUGIER 7    110.00,667,15,1193,110.0000000,0.99318182,1.09772730,0.94090909,1.14999998,1,1.06167877,-28.23081398,
668126,COURT1 7    110.00,667,15,1193,110.0000000,0.99318182,1.09772730,0.94090909,1.14999998,1,1.05740190,-28.49304199,
668127,COURT2 7    110.00,667,15,1193,110.0000000,0.99318182,1.09772730,0.94090909,1.14999998,1,1.05797505,-28.50372887,
668128,MC PHIL7    110.00,667,15,1193,110.0000000,0.99090999,1.07272995,0.94000000,1.10000002,1,1.05657852,-28.64545631,
668129,MCPHL-97    110.00,667,15,1193,110.0000000,0.99090999,1.07272995,0.94000000,1.10000002,1,1.05472755,-29.55137062,
668130,MCPHL-87    110.00,667,15,1193,110.0000000,0.99090999,1.07272995,0.94000000,1.10000002,1,1.05472755,-29.55137062,
668133,ROCKWD 7    110.00,667,15,1193,110.0000000,0.99090999,1.07272995,0.94000000,1.10000002,1,1.06394351,-28.53215599,
668134,ROCKWTP7    110.00,667,15,1193,110.0000000,0.99090999,1.07272995,0.94000000,1.10000002,1,1.06299245,-28.75517845,
668135,OVRFLWR7    110.00,667,13,1193,110.0000000,0.99318182,1.09772730,0.94090909,1.14999998,1,1.07304013,-32.64375687,
668136,MANIGOT7    110.00,667,17,1193,110.0000000,0.99318182,1.09772730,0.94090909,1.14999998,1,1.06813192,-21.41734314,
668137,INKSTR27    110.00,667,15,1193,110.0000000,0.99318182,1.09772730,0.94090909,1.14999998,1,1.06114185,-28.31505775,
668138,CORNW4 7    110.00,667,14,1193,110.0000000,0.99318182,1.09772730,0.94090909,1.14999998,1,1.05991447,-47.11867142,
668143,HBLAYLOR7   110.00,667,13,1193,110.0000000,0.99318182,1.09772730,0.94090909,1.14999998,1,1.00181532,-26.75638962,
668144,TYNDALTP7   110.00,667,15,1193,110.0000000,0.99318182,1.09772730,0.94090909,1.14999998,1,1.04762173,-27.33472633,
668145,TYNDALDSC7  110.00,667,15,1193,110.0000000,0.99318182,1.09772730,0.94090909,1.14999998,1,1.04594457,-27.45279121,
668146,SELKCSC7    110.00,667,15,1193,110.0000000,0.99318182,1.09772730,0.94090909,1.14999998,1,1.05595231,-26.93648529,
668147,MELROSE7    110.00,667,15,1193,110.0000000,0.99318182,1.09772730,0.94090909,1.14999998,1,1.04662085,-27.73229790,
668148,ROSSER27    110.00,667,15,1193,110.0000000,0.99090999,1.07272995,0.94000000,1.10000002,1,1.06292224,-28.17140770,
668149,SEDDONS7    110.00,667,17,1193,110.0000000,0.99318182,1.09772730,0.94090909,1.14999998,1,1.07472157,-20.91899490,
668150,ANOLA 7     110.00,667,17,1193,110.0000000,0.99318182,1.09772730,0.94090909,1.14999998,1,1.05921984,-25.26009369,
668151,ILDECHENDSC7110.00,667,15,1193,110.0000000,0.99318182,1.09772730,0.94090909,1.14999998,1,1.04604435,-28.42882729,
668152,MADISON 7   110.00,667,15,1193,110.0000000,1.00908995,1.09090996,0.94000000,1.10000002,1,1.04833043,-29.47381401,
668154,LAYLORTP    110.00,667,13,1193,110.0000000,0.99318182,1.09772730,0.94090909,1.14999998,1,1.00192952,-26.75349617,
668156,RJ51TP      110.00,667,15,1193,110.0000000,0.99318182,1.09772730,0.94090909,1.14999998,1,1.05452728,-28.90280533,
669819,BIRCHTR4    230.00,667,12,1193,230.0000000,0.94999999,1.04999995,0.89999998,1.10000002,2,1.03884006,-21.02795601,
669820,PONTON 4    230.00,667,13,1193,230.0000000,0.94999999,1.04999995,0.89999998,1.10000002,2,1.03596056,-23.32255554,
672501,BD         6138.00,672,1654,1194,138.0000000,0.89999998,1.10000002,0.89999998,1.10000002,1,1.00885880,-61.75434875,
672503,BRYANT     6138.00,672,1655,1194,138.0000000,0.89999998,1.10000002,0.89999998,1.10000002,1,1.00936866,-62.35033035,
672504,ESTEVANWEST6138.00,672,1654,1194,138.0000000,0.89999998,1.10000002,0.89999998,1.10000002,1,1.00858903,-61.95298767,
672505,STOUGHTON  6138.00,672,1654,1194,138.0000000,0.89999998,1.10000002,0.89999998,1.10000002,1,1.00997281,-62.77771759,
672506,DEWDNEY    6138.00,672,1654,1194,138.0000000,0.89999998,1.10000002,0.89999998,1.10000002,1,1.02699995,-65.42502594,
672507,REGINA     6138.00,672,1654,1194,138.0000000,0.89999998,1.10000002,0.89999998,1.10000002,1,1.03320003,-65.57299805,
672508,FLEETST    6138.00,672,1654,1194,138.0000000,0.89999998,1.10000002,0.89999998,1.10000002,1,1.02509987,-64.95680237,
672509,KENNEDY    6138.00,672,1654,1194,138.0000000,0.89999998,1.10000002,0.89999998,1.10000002,1,1.02800667,-58.53799438,
672510,EVRAZ       138.00,672,1655,1194,138.0000000,0.89999998,1.10000002,0.89999998,1.10000002,1,1.01857233,-66.45728302,
672511,MOSAICBPTAP6138.00,672,1655,1194,138.0000000,0.89999998,1.10000002,0.89999998,1.10000002,4,0.00000000,0.00000000,
672512,CONDIE     6138.00,672,1654,1194,138.0000000,0.89999998,1.10000002,0.89999998,1.10000002,1,1.02706456,-65.14865112,
672513,BELLEPLAINE6138.00,672,1655,1194,138.0000000,0.89999998,1.10000002,0.89999998,1.10000002,1,1.03968632,-63.56972504,
672514,TANTALLON  6138.00,672,1655,1194,138.0000000,0.89999998,1.10000002,0.89999998,1.10000002,1,1.02499998,-56.76761246,
672515,YORKTON    6138.00,672,1654,1194,138.0000000,0.89999998,1.10000002,0.89999998,1.10000002,1,1.03048170,-56.32728577,
672516,PEEBLES    6138.00,672,1654,1194,138.0000000,0.89999998,1.10000002,0.89999998,1.10000002,1,1.03905940,-60.96005249,
672517,BANKEND    6138.00,672,1654,1194,138.0000000,0.89999998,1.10000002,0.89999998,1.10000002,1,1.03641319,-57.47220230,
672518,WEYBURN    6138.00,672,1654,1194,138.0000000,0.89999998,1.10000002,0.89999998,1.10000002,1,1.01339507,-65.63191986,
672519,ESTLIN     6138.00,672,1655,1194,138.0000000,0.89999998,1.10000002,0.89999998,1.10000002,1,1.02904212,-65.70093536,
672520,GLENAVON   6138.00,672,1655,1194,138.0000000,0.89999998,1.10000002,0.89999998,1.10000002,1,1.02136457,-61.96728897,
672521,HALBRITE   6138.00,672,1654,1194,138.0000000,0.89999998,1.10000002,0.89999998,1.10000002,1,0.98290026,-67.38071442,
672522,CD NORTH   6138.00,672,1655,1194,138.0000000,0.89999998,1.10000002,0.89999998,1.10000002,1,1.02276254,-65.54176331,
672523,ODESSA     6138.00,672,1654,1194,138.0000000,0.89999998,1.10000002,0.89999998,1.10000002,1,1.00499380,-63.48753738,
672524,KEYSTOWN   6138.00,672,1654,1194,138.0000000,0.89999998,1.10000002,0.89999998,1.10000002,4,0.00000000,0.00000000,
672525,GRENFELL   6138.00,672,1654,1194,138.0000000,0.89999998,1.10000002,0.89999998,1.10000002,1,1.03669524,-59.68355179,
672526,GRENFELLTAP6138.00,672,1655,1194,138.0000000,0.89999998,1.10000002,0.89999998,1.10000002,1,1.03724515,-60.25184631,
672527,YN WEST    6138.00,672,1655,1194,138.0000000,0.89999998,1.10000002,0.89999998,1.10000002,1,1.03034449,-56.49574661,
672528,ROWATT     6138.00,672,1655,1194,138.0000000,0.89999998,1.10000002,0.89999998,1.10000002,1,1.03133285,-65.65797424,
672529,MELVILLE   6138.00,672,1654,1194,138.0000000,0.89999998,1.10000002,0.89999998,1.10000002,1,1.03514588,-58.12092209,
672530,RCH+PRK    6138.00,672,1654,1194,138.0000000,0.89999998,1.10000002,0.89999998,1.10000002,1,1.02734196,-65.84040833,
672531,HERBERT TAP6138.00,672,1654,1194,138.0000000,0.89999998,1.10000002,0.89999998,1.10000002,1,1.03622341,-60.54982376,
672532,HERBERT    6138.00,672,1655,1194,138.0000000,0.89999998,1.10000002,0.89999998,1.10000002,1,1.03589821,-60.62855530,
672533,BENSON     6138.00,672,1655,1194,138.0000000,0.89999998,1.10000002,0.89999998,1.10000002,1,1.00956535,-62.53411102,
672534,VANSCOY    6138.00,672,1655,1194,138.0000000,0.89999998,1.10000002,0.89999998,1.10000002,1,1.03282642,-56.47778320,
672536,LOREBURNTAP6138.00,672,1655,1194,138.0000000,0.89999998,1.10000002,0.89999998,1.10000002,1,1.04490817,-58.24879456,
672537,MARTENSVILL6138.00,672,1654,1194,138.0000000,0.89999998,1.10000002,0.89999998,1.10000002,1,1.03842747,-54.61819839,
672538,BEATTY     6138.00,672,1654,1194,138.0000000,0.89999998,1.10000002,0.89999998,1.10000002,1,1.03945053,-45.59172440,
672540,QE         6138.00,672,1654,1194,138.0000000,0.89999998,1.10000002,0.89999998,1.10000002,1,1.03499997,-55.76831055,
672541,CORY       6138.00,672,1655,1194,138.0000000,0.89999998,1.10000002,0.89999998,1.10000002,1,1.03499997,-52.97693253,
672542,WJB+ENG    6138.00,672,1654,1194,138.0000000,0.89999998,1.10000002,0.89999998,1.10000002,1,1.02486491,-57.53433609,
672543,WOLVERINE  6138.00,672,1655,1194,138.0000000,0.89999998,1.10000002,0.89999998,1.10000002,1,1.03713274,-55.99375534,
672544,AVE C      6138.00,672,1654,1194,138.0000000,0.89999998,1.10000002,0.89999998,1.10000002,1,1.03362978,-55.90163422,
672545,SNI TAP    6138.00,672,1654,1194,138.0000000,0.89999998,1.10000002,0.89999998,1.10000002,1,1.03717542,-54.83628845,
672546,ELSTOW     6138.00,672,1654,1194,138.0000000,0.89999998,1.10000002,0.89999998,1.10000002,1,1.03910887,-56.12878799,
672547,HUMBOLDT   6138.00,672,1654,1194,138.0000000,0.89999998,1.10000002,0.89999998,1.10000002,1,1.02519321,-53.83400726,
672548,TISDALE    6138.00,672,1654,1194,138.0000000,0.89999998,1.10000002,0.89999998,1.10000002,1,1.02575135,-48.28943253,
672549,CLAVET     6138.00,672,1655,1194,138.0000000,0.89999998,1.10000002,0.89999998,1.10000002,1,1.03794575,-55.99606323,
672551,BROMHEAD   6138.00,672,1654,1194,138.0000000,0.89999998,1.10000002,0.89999998,1.10000002,1,1.01031566,-64.07971954,
672553,WILLOWISLAN6138.00,672,1654,1194,138.0000000,0.89999998,1.10000002,0.89999998,1.10000002,1,1.02622080,-49.19302368,
672554,PA         6138.00,672,1654,1194,138.0000000,0.89999998,1.10000002,0.89999998,1.10000002,1,1.02361619,-48.58345795,
672555,MAYMONT    6138.00,672,1654,1194,138.0000000,0.89999998,1.10000002,0.89999998,1.10000002,1,1.04673648,-58.25887680,
672556,NEUDORF    6138.00,672,1654,1194,138.0000000,0.89999998,1.10000002,0.89999998,1.10000002,1,1.03670764,-58.99359512,
672557,MELFORT    6138.00,672,1654,1194,138.0000000,0.89999998,1.10000002,0.89999998,1.10000002,1,1.03426635,-46.81466293,
672558,RUTLAND TAP6138.00,672,1655,1194,138.0000000,0.89999998,1.10000002,0.89999998,1.10000002,1,1.01835477,-66.14371490,
672559,RUTLAND    6138.00,672,1655,1194,138.0000000,0.89999998,1.10000002,0.89999998,1.10000002,1,1.01694477,-66.51770782,
672560,ISLAND     7110.00,672,150,1194,110.0000000,0.89999998,1.10000002,0.89999998,1.10000002,1,0.99189180,-35.79721451,
672561,ISLAND     6138.00,672,150,1194,138.0000000,0.89999998,1.10000002,0.89999998,1.10000002,1,0.95963526,-37.14564514,
672562,BATTLEFORD 6138.00,672,1654,1194,138.0000000,0.89999998,1.10000002,0.89999998,1.10000002,1,1.04729629,-59.60588455,
672563,FREEMONTTAP6138.00,672,1654,1194,138.0000000,0.89999998,1.10000002,0.89999998,1.10000002,1,1.04031861,-60.09087753,
672566,LLOYDMINSTR6138.00,672,1654,1194,138.0000000,0.89999998,1.10000002,0.89999998,1.10000002,1,1.02929831,-59.14618683,
672567,ABERFELDY  6138.00,672,1654,1194,138.0000000,0.89999998,1.10000002,0.89999998,1.10000002,1,1.03130627,-59.39123917,
672568,MAIDSTONE  6138.00,672,1654,1194,138.0000000,0.89999998,1.10000002,0.89999998,1.10000002,1,1.04212308,-60.09602737,
672569,LASHBURN   6138.00,672,1654,1194,138.0000000,0.89999998,1.10000002,0.89999998,1.10000002,1,1.03697610,-59.92452240,
672570,COTEAU     6138.00,672,1654,1194,138.0000000,0.89999998,1.10000002,0.89999998,1.10000002,1,1.04499996,-57.26499557,
672571,FREEMONT   6138.00,672,1654,1194,138.0000000,0.89999998,1.10000002,0.89999998,1.10000002,1,1.04128540,-60.38656235,
672572,STREHLOW   6138.00,672,1654,1194,138.0000000,0.89999998,1.10000002,0.89999998,1.10000002,1,1.03221083,-57.13682556,
672573,HAWARDEN   6138.00,672,1654,1194,138.0000000,0.89999998,1.10000002,0.89999998,1.10000002,1,1.02535427,-59.03291321,
672574,MILDEN     6138.00,672,1655,1194,138.0000000,0.89999998,1.10000002,0.89999998,1.10000002,1,1.01757705,-61.98371506,
672575,HERSCHEL   6138.00,672,1655,1194,138.0000000,0.89999998,1.10000002,0.89999998,1.10000002,1,1.00360739,-66.80969238,
672576,CACTUSLAKE 6138.00,672,1655,1194,138.0000000,0.89999998,1.10000002,0.89999998,1.10000002,1,1.01044667,-68.95412445,
672577,HAYT+SENL  6138.00,672,1655,1194,138.0000000,0.89999998,1.10000002,0.89999998,1.10000002,1,1.01671147,-67.63312531,
672578,ERMINE     6138.00,672,1654,1194,138.0000000,0.89999998,1.10000002,0.89999998,1.10000002,1,1.02499998,-69.10469818,
672579,NORTHBA    6138.00,672,1654,1194,138.0000000,0.89999998,1.10000002,0.89999998,1.10000002,1,1.04715264,-59.52145004,
672580,LANDIS     6138.00,672,1654,1194,138.0000000,0.89999998,1.10000002,0.89999998,1.10000002,1,1.02499998,-65.29255676,
672581,GLASLYN    6138.00,672,1654,1194,138.0000000,0.89999998,1.10000002,0.89999998,1.10000002,1,1.02938497,-63.99639511,
672582,MEADOWLAKE 6138.00,672,1654,1194,138.0000000,0.89999998,1.10000002,0.89999998,1.10000002,1,1.02265298,-66.54044342,
672583,SWIFTCUCITY6138.00,672,1654,1194,138.0000000,0.89999998,1.10000002,0.89999998,1.10000002,1,1.02644014,-59.03956604,
672584,ROSETOWN   6138.00,672,1654,1194,138.0000000,0.89999998,1.10000002,0.89999998,1.10000002,1,1.00289214,-65.47825623,
672585,SWIFTCU    6138.00,672,1654,1194,138.0000000,0.89999998,1.10000002,0.89999998,1.10000002,1,1.02850211,-58.86979675,
672586,ASSINIBOIA 6138.00,672,1654,1194,138.0000000,0.89999998,1.10000002,0.89999998,1.10000002,1,1.03222632,-59.81329346,
672587,CHAPLIN    6138.00,672,1654,1194,138.0000000,0.89999998,1.10000002,0.89999998,1.10000002,1,1.04028440,-61.65725327,
672588,PASQUA     6138.00,672,1654,1194,138.0000000,0.89999998,1.10000002,0.89999998,1.10000002,1,1.04649925,-61.89203262,
672589,CRAIK      6138.00,672,1655,1194,138.0000000,0.89999998,1.10000002,0.89999998,1.10000002,1,1.02672994,-61.32226562,
672590,RVRHRST TAP6138.00,672,1654,1194,138.0000000,0.89999998,1.10000002,0.89999998,1.10000002,1,1.04704070,-59.21555328,
672591,RIVERHURST 6138.00,672,1655,1194,138.0000000,0.89999998,1.10000002,0.89999998,1.10000002,1,1.04502070,-59.37783432,
672592,HEARTSHILL 6138.00,672,1655,1194,138.0000000,0.89999998,1.10000002,0.89999998,1.10000002,1,1.01412737,-69.10848999,
672593,MACKLIN    6138.00,672,1654,1194,138.0000000,0.89999998,1.10000002,0.89999998,1.10000002,1,1.01252139,-68.57274628,
672594,SUPERB     6138.00,672,1654,1194,138.0000000,0.89999998,1.10000002,0.89999998,1.10000002,1,1.02321017,-69.49996185,
672595,CARON TAP  6138.00,672,1655,1194,138.0000000,0.89999998,1.10000002,0.89999998,1.10000002,1,1.04504371,-61.93542480,
672596,BRADA      6138.00,672,1654,1194,138.0000000,0.89999998,1.10000002,0.89999998,1.10000002,1,1.04743028,-59.10379791,
672597,YELLOWHEAD 6138.00,672,1656,1194,138.0000000,0.89999998,1.10000002,0.89999998,1.10000002,1,1.04799998,-59.34377670,
672598,MORSECREEK 6138.00,672,1654,1194,138.0000000,0.89999998,1.10000002,0.89999998,1.10000002,1,1.03664327,-60.96577072,
672599,MORSECRKTAP6138.00,672,1654,1194,138.0000000,0.89999998,1.10000002,0.89999998,1.10000002,1,1.03751028,-60.95476151,
672601,BD         4230.00,672,1654,1194,230.0000000,0.89999998,1.10000002,0.89999998,1.10000002,1,1.04999995,-59.87597275,
672602,BDX        4230.00,672,1654,1194,230.0000000,0.89999998,1.10000002,0.89999998,1.10000002,1,1.05700076,-11.32243252,
672603,BDV        4230.00,672,1654,1194,230.0000000,0.89999998,1.10000002,0.89999998,1.10000002,1,1.02182770,-11.32245350,
672607,REGINA     4230.00,672,1654,1194,230.0000000,0.89999998,1.10000002,0.89999998,1.10000002,1,1.05859935,-64.05382538,
672608,FLEET ST   4230.00,672,1654,1194,230.0000000,0.89999998,1.10000002,0.89999998,1.10000002,1,1.05480993,-64.32251740,
672609,KENNEDY    4230.00,672,1654,1194,230.0000000,0.89999998,1.10000002,0.89999998,1.10000002,1,1.03013980,-58.27980423,
672610,POPLAR     4230.00,672,1655,1194,230.0000000,0.89999998,1.10000002,0.89999998,1.10000002,1,1.08218586,-60.58640289,
672611,WHITEWD TAP4230.00,672,1655,1194,230.0000000,0.89999998,1.10000002,0.89999998,1.10000002,1,1.02773190,-57.79885483,
672612,CONDIE     4230.00,672,1654,1194,230.0000000,0.89999998,1.10000002,0.89999998,1.10000002,1,1.06379688,-63.26380157,
672613,AUBURNTON  4230.00,672,1654,1194,230.0000000,0.89999998,1.10000002,0.89999998,1.10000002,1,0.99342495,-58.84231949,
672614,TANTALLON  4230.00,672,1654,1194,230.0000000,0.89999998,1.10000002,0.89999998,1.10000002,1,1.02301943,-56.89198303,
672615,YORKTON    4230.00,672,1654,1194,230.0000000,0.89999998,1.10000002,0.89999998,1.10000002,1,1.02117431,-53.92053986,
672616,PEEBLES    4230.00,672,1654,1194,230.0000000,0.89999998,1.10000002,0.89999998,1.10000002,1,1.03497076,-60.12599182,
672617,KENDAL  TAP4230.00,672,1655,1194,230.0000000,0.89999998,1.10000002,0.89999998,1.10000002,1,1.04985046,-61.52568054,
672620,MOSIAC K3  4230.00,672,1655,1194,230.0000000,0.89999998,1.10000002,0.89999998,1.10000002,1,1.01835120,-57.09961319,
672621,SHAND      4230.00,672,1654,1194,230.0000000,0.89999998,1.10000002,0.89999998,1.10000002,1,1.04999995,-58.43584061,
672630,EBCAMPBELL 4230.00,672,1654,1194,230.0000000,0.89999998,1.10000002,0.89999998,1.10000002,1,1.05999994,-33.69868469,
672631,HERBERT230  230.00,672,1655,1194,230.0000000,0.89999998,1.10000002,0.89999998,1.10000002,1,1.08561444,-57.55617142,
672634,K+S        4230.00,672,1655,1194,230.0000000,0.89999998,1.10000002,0.89999998,1.10000002,1,1.06644773,-61.84657288,
672635,BETHUNE TAP4230.00,672,1655,1194,230.0000000,0.89999998,1.10000002,0.89999998,1.10000002,1,1.06739116,-61.77866745,
672636,BETHUNE    4230.00,672,1655,1194,230.0000000,0.89999998,1.10000002,0.89999998,1.10000002,1,1.06722331,-61.79787827,
672637,MARTENSVILL4230.00,672,1654,1194,230.0000000,0.89999998,1.10000002,0.89999998,1.10000002,1,1.04020452,-54.05807495,
672638,BEATTY     4230.00,672,1654,1194,230.0000000,0.89999998,1.10000002,0.89999998,1.10000002,1,1.06402671,-44.43365479,
672639,ABERDEEN   4230.00,672,1654,1194,230.0000000,0.89999998,1.10000002,0.89999998,1.10000002,1,1.04350531,-53.16769409,
672640,QE 1       4230.00,672,1654,1194,230.0000000,0.89999998,1.10000002,0.89999998,1.10000002,1,1.04049957,-55.15281677,
672643,WOLVERINE  4230.00,672,1654,1194,230.0000000,0.89999998,1.10000002,0.89999998,1.10000002,1,1.03423917,-55.20768356,
672644,ALLAN      4230.00,672,1655,1194,230.0000000,0.89999998,1.10000002,0.89999998,1.10000002,1,1.03354907,-54.72840881,
672645,COLONSAY   4230.00,672,1655,1194,230.0000000,0.89999998,1.10000002,0.89999998,1.10000002,1,1.03250802,-55.11504364,
672646,JANSEN     4230.00,672,1655,1194,230.0000000,0.89999998,1.10000002,0.89999998,1.10000002,1,1.02400327,-56.91690445,
672649,CODETTE    4230.00,672,1654,1194,230.0000000,0.89999998,1.10000002,0.89999998,1.10000002,1,1.08272743,-38.47191620,
672650,NIPAWIN    4230.00,672,1654,1194,230.0000000,0.89999998,1.10000002,0.89999998,1.10000002,1,1.08700001,-37.96739578,
672651,GOLDENLAKE 4230.00,672,1655,1194,230.0000000,0.89999998,1.10000002,0.89999998,1.10000002,1,1.05743134,-57.72429657,
672656,PQ-CD TAP  4230.00,672,1655,1194,230.0000000,0.89999998,1.10000002,0.89999998,1.10000002,1,1.06779420,-61.72868729,
672664,ROWATT      230.00,672,1654,1194,230.0000000,0.89999998,1.10000002,0.89999998,1.10000002,1,1.06009233,-63.75955200,
672666,LLOYDMINSTR4230.00,672,1655,1194,230.0000000,0.89999998,1.10000002,0.89999998,1.10000002,1,1.04999995,-57.10227966,
672670,COTEAU     4230.00,672,1654,1194,230.0000000,0.89999998,1.10000002,0.89999998,1.10000002,1,1.05891526,-57.23230743,
672682,LIEBENTHAL 4230.00,672,1655,1194,230.0000000,0.89999998,1.10000002,0.89999998,1.10000002,1,1.08384454,-57.49804306,
672683,MCNEILL    4230.00,672,1658,1194,230.0000000,0.89999998,1.10000002,0.89999998,1.10000002,4,0.00000000,0.00000000,
672684,RUSHLAKE   4230.00,672,1654,1194,230.0000000,0.89999998,1.10000002,0.89999998,1.10000002,1,1.07910454,-56.61127472,
672685,SWIFTCU    4230.00,672,1655,1194,230.0000000,0.89999998,1.10000002,0.89999998,1.10000002,1,1.07000005,-56.92666626,
672686,ASSINIBOIA 4230.00,672,1654,1194,230.0000000,0.89999998,1.10000002,0.89999998,1.10000002,1,1.07071137,-58.99639893,
672688,PASQUA     4230.00,672,1654,1194,230.0000000,0.89999998,1.10000002,0.89999998,1.10000002,1,1.07000005,-60.84479523,
672696,BRADA      4230.00,672,1654,1194,230.0000000,0.89999998,1.10000002,0.89999998,1.10000002,1,1.05049539,-57.57192993,
672697,ML EAST    4230.00,672,1655,1194,230.0000000,0.89999998,1.10000002,0.89999998,1.10000002,1,1.04900575,-64.00850677,
672698,ML NORTH   4230.00,672,1655,1194,230.0000000,0.89999998,1.10000002,0.89999998,1.10000002,1,1.04782462,-64.34054565,
672699,NBEC       4230.00,672,1657,1194,230.0000000,0.89999998,1.10000002,0.89999998,1.10000002,1,1.04999995,-57.43329239,
673506,HARBOUR    6138.00,672,1654,1194,138.0000000,0.89999998,1.10000002,0.89999998,1.10000002,1,1.03066194,-65.51154327,
673511,R1PLOADS    138.00,672,1655,672,138.0000000,0.89999998,1.10000002,0.89999998,1.10000002,1,1.04633939,-62.28403091,
673514,MOSAICK2NEW6138.00,672,1655,1194,138.0000000,0.89999998,1.10000002,0.89999998,1.10000002,1,1.02318144,-56.90378952,
673515,SCRCREEK    138.00,672,1655,1194,138.0000000,0.89999998,1.10000002,0.89999998,1.10000002,1,1.02550626,-56.79052734,
673516,ROCANVILLE  138.00,672,1654,1194,138.0000000,0.89999998,1.10000002,0.89999998,1.10000002,1,1.02791524,-56.46181870,
673517,NUTRIEN ROC 138.00,672,1655,1194,138.0000000,0.89999998,1.10000002,0.89999998,1.10000002,1,1.02912235,-55.92996597,
673518,MOOSAMIN    138.00,672,1654,1194,138.0000000,0.89999998,1.10000002,0.89999998,1.10000002,1,1.02782476,-56.65792465,
673528,PARKRIDGE   138.00,672,1654,1194,138.0000000,0.89999998,1.10000002,0.89999998,1.10000002,1,1.02544022,-65.84564209,
673529,PRKTAP      138.00,672,1654,1194,138.0000000,0.89999998,1.10000002,0.89999998,1.10000002,1,1.02932167,-65.73651886,
673530,ERICHARSON  138.00,672,1654,1194,138.0000000,0.89999998,1.10000002,0.89999998,1.10000002,1,1.02677298,-65.89369202,
673533,TECUMSEH   6138.00,672,1654,1194,138.0000000,0.89999998,1.10000002,0.89999998,1.10000002,1,1.00959706,-62.70666504,
673536,LOREBURN   6138.00,672,1655,1194,138.0000000,0.89999998,1.10000002,0.89999998,1.10000002,1,1.04451239,-58.29335022,
673541,M1QTAP      138.00,672,1654,1194,138.0000000,0.89999998,1.10000002,0.89999998,1.10000002,1,1.02602088,-57.34856415,
673542,SUTHERLAND  138.00,672,1654,1194,138.0000000,0.89999998,1.10000002,0.89999998,1.10000002,1,1.02352917,-57.67339325,
673543,LANIGAN 138 138.00,672,1655,672,138.0000000,0.89999998,1.10000002,0.89999998,1.10000002,1,1.03530991,-56.25013351,
673544,UHEIGHTS    138.00,672,1654,1194,138.0000000,0.89999998,1.10000002,0.89999998,1.10000002,1,1.02582824,-57.39120483,
673545,UHEIGHTTAP  138.00,672,1654,1194,138.0000000,0.89999998,1.10000002,0.89999998,1.10000002,1,1.02588785,-57.37247467,
673546,UOFS        138.00,672,1655,1194,138.0000000,0.89999998,1.10000002,0.89999998,1.10000002,1,1.02210855,-57.80564499,
673554,SENATOR     138.00,672,1654,1194,138.0000000,0.89999998,1.10000002,0.89999998,1.10000002,1,1.02461302,-48.32898331,
673555,CLAVET STN  138.00,672,1655,672,138.0000000,0.89999998,1.10000002,0.89999998,1.10000002,1,1.03781688,-55.97431946,
673561,ISLAND2    6138.00,672,150,1194,138.0000000,0.89999998,1.10000002,0.89999998,1.10000002,1,0.96354461,-36.72399902,
673574,MILDEN2TAP  138.00,672,1655,1194,138.0000000,0.89999998,1.10000002,0.89999998,1.10000002,1,1.01333201,-62.82989883,
673575,MILDEN2     138.00,672,1655,1194,138.0000000,0.89999998,1.10000002,0.89999998,1.10000002,1,1.01306117,-62.85418701,
673581,SWCITYTAP   138.00,672,1654,1194,138.0000000,0.89999998,1.10000002,0.89999998,1.10000002,1,1.02764916,-58.94254303,
673582,TURTLELAKE  138.00,672,1654,1194,138.0000000,0.89999998,1.10000002,0.89999998,1.10000002,1,1.02609885,-65.03077698,
673583,SPRUCE SUB  138.00,672,1654,1194,138.0000000,0.89999998,1.10000002,0.89999998,1.10000002,1,1.02165878,-64.53131866,
673584, TURTLETAP  138.00,672,1654,1194,138.0000000,0.89999998,1.10000002,0.89999998,1.10000002,1,1.02049387,-64.00409698,
673585, TURTLESUB  138.00,672,1654,1194,138.0000000,0.89999998,1.10000002,0.89999998,1.10000002,1,1.02006972,-64.08760834,
673586,PARADISE HIL138.00,672,1654,1194,138.0000000,0.89999998,1.10000002,0.89999998,1.10000002,1,1.01972592,-62.75076675,
673587,BOLNEY TAP  138.00,672,1654,672,138.0000000,0.89999998,1.10000002,0.89999998,1.10000002,1,1.01969218,-63.25945663,
673590,EYEBROWTAP  138.00,672,1654,672,138.0000000,0.89999998,1.10000002,0.89999998,1.10000002,1,1.04793668,-59.94632339,
673601,KISBEY TAP 4230.00,672,1654,1194,230.0000000,0.89999998,1.10000002,0.89999998,1.10000002,1,1.04018784,-59.45336914,
673602,KISBEY     4230.00,672,1654,1194,230.0000000,0.89999998,1.10000002,0.89999998,1.10000002,1,1.03931975,-59.55187225,
673609,BEKEVAR-POI 230.00,672,672,1656,230.0000000,0.89999998,1.10000002,0.89999998,1.10000002,1,1.02317226,-56.83080673,
673631,BLUE HILL  6230.00,672,1654,1194,230.0000000,0.89999998,1.10000002,0.89999998,1.10000002,1,1.09159803,-57.29704285,
673651,GOLDENLAKESS230.00,672,1655,1194,230.0000000,0.89999998,1.10000002,0.89999998,1.10000002,1,1.05762255,-57.75596237,
673652,EDAMSS      230.00,672,1655,1194,230.0000000,0.89999998,1.10000002,0.89999998,1.10000002,1,1.05871880,-57.91256714,
