bus_num,bus_name,bus_area,bus_zone,bus_owner,bus_basekv,criteria_nlo,criteria_nhi,criteria_elo,criteria_ehi,stat,bus_pu,bus_angle,violate,exception
667000,KEEWATINOHK4230.00,667,11,1193,230,0.94999999,1.04999995,0.89999998,1.09000003,1,0.99854171,-17.18311119,Fail,1
667001,HENDAY 4    230.00,667,11,1193,230,0.94999999,1.04999995,0.89999998,1.09000003,1,1.00999999,-14.2373724,1,
667002,LIMEST54    230.00,667,11,1193,230,0.94999999,1.04999995,0.89999998,1.10000002,1,1.00992358,-14.2377882,,
667003,LIMEST44    230.00,667,11,1193,230,0.94999999,1.04999995,0.89999998,1.10000002,1,1.01166213,-14.04021168,,
667004,LIMEST34    230.00,667,11,1193,230,0.94999999,1.04999995,0.89999998,1.10000002,1,1.0116626,-14.04021454,,
667005,LIMEST24    230.00,667,11,1193,230,0.94999999,1.04999995,0.89999998,1.10000002,1,1.01169646,-14.03929234,,
667006,LIMEST14    230.00,667,11,1193,230,0.94999999,1.04999995,0.89999998,1.10000002,1,1.01165855,-14.0401907,Fail,
667007,LONGSL54    230.00,667,11,1193,230,0.94999999,1.04999995,0.89999998,1.10000002,1,0.99998772,-10.09003735,,
667008,LONGSL44    230.00,667,11,1193,230,0.94999999,1.04999995,0.89999998,1.10000002,1,1.00010014,-10.05285072,,
667009,LONGSL34    230.00,667,11,1193,230,0.94999999,1.04999995,0.89999998,1.10000002,1,1.00005352,-10.06520176,,
667010,LONGSL24    230.00,667,11,1193,230,0.94999999,1.04999995,0.89999998,1.10000002,1,1.00004935,-10.07311058,,
667011,LONGSL14    230.00,667,11,1193,230,0.94999999,1.04999995,0.89999998,1.10000002,1,1.00004828,-10.07537365,1,
667012,LONGSPR4    230.00,667,11,1193,230,0.94999999,1.04999995,0.89999998,1.10000002,1,1,-10.08998013,,
667013,RADL43R4    230.00,667,11,1193,230,0.94999999,1.04999995,0.89999998,1.10000002,1,0.98863631,-8.45909214,,
667014,RADL42R4    230.00,667,11,1193,230,0.94999999,1.04999995,0.89999998,1.10000002,1,0.98852772,-8.44510078,,
667015,RADL41R4    230.00,667,11,1193,230,0.94999999,1.04999995,0.89999998,1.10000002,1,0.98864102,-8.45896816,,
667016,RADISON4    230.00,667,12,1193,230,0.94999999,1.04999995,0.89999998,1.10000002,1,1.0437367,-22.18416786,,
667017,KELSEY 4    230.00,667,12,1193,230,0.94999999,1.04999995,0.89999998,1.10000002,1,1.03626835,-22.06140518,,
667018,MYSLKRD4    230.00,667,12,1193,230,0.94999999,1.04999995,0.89999998,1.10000002,1,1.03885961,-24.45300865,,
667019,WUSK SS4    230.00,667,12,1193,230,0.94999999,1.04999995,0.89999998,1.10000002,1,1.03999996,-24.57945824,,
667020,WUSK 3 4    230.00,667,12,1193,230,0.94999999,1.04999995,0.89999998,1.10000002,1,1.03999424,-24.57950783,,
667021,WUSK 2 4    230.00,667,12,1193,230,0.94999999,1.04999995,0.89999998,1.10000002,1,1.03996897,-24.55540848,,
667022,WUSK 1 4    230.00,667,12,1193,230,0.94999999,1.04999995,0.89999998,1.10000002,1,1.03996527,-24.55435181,,
667023,DUNLOP 4    230.00,667,12,1193,230,0.94999999,1.04999995,0.89999998,1.10000002,1,1.04176283,-26.74713707,,
667024,JENPE46B    230.00,667,12,1193,230,0.94999999,1.04999995,0.89999998,1.10000002,1,1.03999567,-25.8387146,,
667025,JENPE13B    230.00,667,12,1193,230,0.94999999,1.04999995,0.89999998,1.10000002,1,1.03999877,-25.83535194,,
667026,JENPEG 4    230.00,667,12,1193,230,0.94999999,1.04999995,0.89999998,1.10000002,1,1.03999996,-25.83861351,,
667027,WILRIVR4    230.00,667,13,1193,230,0.94999999,1.04999995,0.89999998,1.10000002,1,1.04021943,-28.3097496,,
667028,GR.RPDS4    230.00,667,13,1193,230,0.94999999,1.04999995,0.89999998,1.10000002,1,1.02999997,-29.36244965,,
667029,ASHERN 4    230.00,667,13,1193,230,0.94999999,1.04999995,0.89999998,1.10000002,1,1.04220152,-30.95425415,,
667030,SILVRTP4    230.00,667,15,1193,230,0.94999999,1.04999995,0.89999998,1.10000002,1,1.0452888,-29.60502815,,
667031,SILVER 4    230.00,667,15,1193,230,0.94999999,1.04999995,0.89999998,1.10000002,1,1.04214692,-29.1860199,1,
667033,DORSEYS4    230.00,667,15,1193,230,0.94999999,1.04999995,0.89999998,1.05999994,1,1.04499912,-24.71750641,,
667035,DORSEY 4    230.00,667,15,1193,230,0.94999999,1.04999995,0.89999998,1.05999994,1,1.04499996,-24.71733856,1,
667036,DC5 JCT4    230.00,667,15,1193,230,0.94999999,1.04999995,0.89999998,1.10000002,1,0.965913,-21.76926231,,
667037,DC6 JCT4    230.00,667,15,1193,230,0.94999999,1.04999995,0.89999998,1.10000002,1,0.9655112,-21.76741791,,
667038,ROSSER 4    230.00,667,15,1193,230,0.94999999,1.04999995,0.89999998,1.10000002,1,1.0372529,-26.04658508,1,1
667039,RIDGEWY4    230.00,667,15,1193,230,0.94999999,1.04999995,0.89999998,1.10000002,1,1.041996,-25.58953476,,
667041,RIEL   4    230.00,667,15,1193,230,1,1.04999995,0.94999999,1.10000002,1,1.04499996,-25.13381767,,
667043,STVITAL4    230.00,667,15,1193,230,0.94999999,1.04999995,0.89999998,1.10000002,1,1.04337466,-25.86148262,,
667044,TRANTP24    230.00,667,15,1193,230,0.94999999,1.04999995,0.89999998,1.10000002,1,1.0432775,-25.41444778,,
667045,TRANTP14    230.00,667,15,1193,230,0.94999999,1.04999995,0.89999998,1.10000002,1,1.04330802,-25.40970993,,
667046,RICHER 4    230.00,667,15,1193,230,0.94999999,1.04999995,0.89999998,1.10000002,1,1.02934122,-28.0486412,,
667047,LAVEREN4    230.00,667,15,1193,230,0.94999999,1.04999995,0.89999998,1.10000002,1,1.041031,-26.41477585,,
667048,LETELER4    230.00,667,15,1193,230,0.94999999,1.04999995,0.89999998,1.10000002,1,1.02564085,-31.47482681,,
667049,STANLEY4    230.00,667,15,1193,230,0.94999999,1.04999995,0.89999998,1.10000002,1,1.01077676,-34.72148514,1,
667050,ST.LEON4    230.00,667,14,1193,230,0.94999999,1.04999995,0.89999998,1.10000002,1,1.00758255,-35.91102219,,
667051,STLEONG4    230.00,667,14,1193,230,0.94999999,1.04999995,0.89999998,1.10000002,1,1.00854456,-35.88735962,,
667052,GLENBOR4    230.00,667,14,1193,230,0.94999999,1.04999995,0.89999998,1.10000002,1,0.9843002,-41.04410553,,
667053,PORTSOU4    230.00,667,15,1193,230,0.94999999,1.04999995,0.89999998,1.10000002,1,1.01704466,-30.36888504,,
667054,HERB LK4    230.00,667,13,1193,230,0.94999999,1.04999995,0.89999998,1.10000002,1,1.03034925,-28.25502396,,
667055,CLIFFLK4    230.00,667,13,1193,230,0.94999999,1.04999995,0.89999998,1.10000002,1,1.01726258,-32.71278,,
667056,CRANBTP4    230.00,667,13,1193,230,0.94999999,1.04999995,0.89999998,1.10000002,1,1.02520978,-32.94329834,,
667057,NAMEWTP4    230.00,667,13,1193,230,0.94999999,1.04999995,0.89999998,1.10000002,1,1.03047514,-33.10914993,,
667058,TOLKO  4    230.00,667,13,1193,230,0.94999999,1.04999995,0.89999998,1.10000002,1,1.03268051,-33.25457001,,
667059,RALL   4    230.00,667,13,1193,230,0.94999999,1.04999995,0.89999998,1.10000002,1,1.03278112,-33.24414062,,
667060,OVERFLO4    230.00,667,13,1193,230,0.94999999,1.04999995,0.89999998,1.10000002,1,1.02703726,-33.74989319,,
667061,MINTS  4    230.00,667,13,1193,230,0.94999999,1.04999995,0.89999998,1.10000002,1,1.02982128,-39.50900269,,
667062,VERMIL 4    230.00,667,13,1193,230,0.94999999,1.04999995,0.89999998,1.10000002,1,1.02183521,-43.03915787,,
667063,ROBLIN 4    230.00,667,13,1193,230,0.94999999,1.04999995,0.89999998,1.10000002,1,1.01140177,-49.50415421,,
667064,RAVLAKE4    230.00,667,13,1193,230,0.94999999,1.04999995,0.89999998,1.10000002,1,1.00104845,-51.0398407,,
667065,BIRTLE 4    230.00,667,13,1193,230,0.94999999,1.04999995,0.89999998,1.10000002,1,0.99929386,-53.89710236,,
667066,VIRDN W4    230.00,667,13,1193,230,0.94999999,1.04999995,0.89999998,1.10000002,1,0.97430646,-55.35638046,,
667067,RESTON 4    230.00,667,13,1193,230,0.94999999,1.04999995,0.89999998,1.10000002,1,0.96012986,-55.37181854,,
667068,SOURENB4    230.00,667,13,1193,230,0.94999999,1.04999995,0.89999998,1.10000002,1,0.93998039,-48.70394516,,
667069,SOURSTP4    230.00,667,13,1193,230,0.94999999,1.04999995,0.89999998,1.10000002,1,0.94230384,-48.41711044,,
667070,CORNWLS4    230.00,667,14,1193,230,0.94999999,1.04999995,0.89999998,1.10000002,1,0.94325763,-44.78728867,,
667071,NEEPAWA4    230.00,667,14,1193,230,0.94999999,1.04999995,0.89999998,1.10000002,1,0.96049964,-40.34143066,,
667072,WHTSL2 4    220.00,667,17,1193,220,0.99318182,1.0977273,0.94090909,1.14999998,1,1.09506965,28.50901413,,
667073,WHTSL1 4    220.00,667,17,1193,220,0.99318182,1.0977273,0.94090909,1.14999998,1,1.09504998,28.50909805,,
667076,RIEL SS4    230.00,667,15,1193,230,1,1.04999995,0.94999999,1.10000002,1,1.04499996,-25.13381767,,
667077,STJOS1 4    230.00,667,15,1193,230,0.94999999,1.04999995,0.89999998,1.10000002,1,1.0268079,-31.44426918,,
667080,ROCKWD 4    230.00,667,15,1193,230,0.94999999,1.04999995,0.89999998,1.10000002,1,1.03724468,-26.68281937,,
667082,DESALABERRY4230.00,667,15,1193,230,0.94999999,1.04999995,0.89999998,1.10000002,1,1.03007364,-28.88628387,,
667085,G82RPHT1    230.00,667,14,1193,230,0.94999999,1.04999995,0.89999998,1.10000002,1,0.98513687,-10.74272156,,
667086,ROQUET_TAP  230.00,667,15,1193,230,0.94999999,1.04999995,0.89999998,1.10000002,1,1.00887966,-31.50113678,Fail,
667087,ROQUET_24   230.00,667,15,1193,230,0.94999999,1.04999995,0.89999998,1.10000002,1,1.01154411,-31.03619576,,
667100,MH_NC_SWING 230.00,667,11,1193,230,0.94999999,1.04999995,0.89999998,1.10000002,3,0.99999994,-10.08474159,,
667101,RESTONTWR2  230.00,667,13,1193,230,0.94999999,1.04999995,0.89999998,1.10000002,1,0.96010244,-55.37609482,,
667102,RESTONTWR104230.00,667,13,1193,230,0.94999999,1.04999995,0.89999998,1.10000002,1,0.95476592,-56.10374832,,
667103,CRMREBRDG   230.00,667,13,1193,230,0.94999999,1.04999995,0.89999998,1.10000002,1,0.95468223,-56.11426544,,
667104,LONGSPT14   230.00,667,11,1193,230,0.94999999,1.04999995,0.89999998,1.10000002,1,1.00002253,-10.08550072,,
667105,LONGSPT24   230.00,667,11,1193,230,0.94999999,1.04999995,0.89999998,1.10000002,1,1,-10.08998013,,
667106,LONGSPT34   230.00,667,11,1193,230,0.94999999,1.04999995,0.89999998,1.10000002,1,1,-10.08998013,,
667107,LONGSPT44   230.00,667,11,1193,230,0.94999999,1.04999995,0.89999998,1.10000002,1,1.00002229,-10.08549881,,
667108,LONGSPT54   230.00,667,11,1193,230,0.94999999,1.04999995,0.89999998,1.10000002,1,0.99999791,-10.08998775,,
667109,WASHAKEMAY-T230.00,667,15,1193,230,0.94999999,1.04999995,0.89999998,1.10000002,1,1.01164663,-30.99822617,,
667200,LIMESTN6    138.00,667,12,1193,138,0.94999999,1.04999995,0.89999998,1.10000002,1,1.04311991,-22.27952957,,
667201,KN36-TP6    138.00,667,12,1193,138,0.94999999,1.04999995,0.89999998,1.10000002,1,1.04076838,-22.19939423,,
667202,KETTLES6    138.00,667,12,1193,138,0.94999999,1.04999995,0.89999998,1.10000002,1,1.04082572,-22.20140839,,
667203,GILLAM 6    138.00,667,12,1193,138,0.94999999,1.04999995,0.89999998,1.10000002,1,1.04075611,-22.20030975,,
667204,ILFORD 6    138.00,667,12,1193,138,0.94999999,1.04999995,0.89999998,1.10000002,1,1.03388846,-21.62318993,,
667205,SPLITLK6    138.00,667,12,1193,138,0.94999999,1.04999995,0.89999998,1.10000002,1,1.02091408,-20.8211956,,
667206,INCO   6    138.00,667,12,1193,138,0.94999999,1.04999995,0.89999998,1.10000002,1,0.98600274,-24.51187706,,
667207,BURNTWD6    138.00,667,12,1193,138,0.94999999,1.04999995,0.89999998,1.10000002,1,0.98727131,-24.58093071,,
667208,NELHOUS6    138.00,667,12,1193,138,0.94999999,1.04999995,0.89999998,1.10000002,1,1.01419485,-25.04817009,,
667209,NOTIGI 6    138.00,667,12,1193,138,0.94999999,1.04999995,0.89999998,1.10000002,1,1.0260849,-25.21609116,,
667210,SUWANETP6   138.00,667,12,1193,138,0.94999999,1.04999995,0.89999998,1.10000002,1,1.03887963,-25.35654068,,
667211,RUTTNLK6    138.00,667,12,1193,138,0.94999999,1.04999995,0.89999998,1.10000002,1,1.04242337,-25.55312729,,
667212,LEAFRPD6    138.00,667,12,1193,138,0.94999999,1.04999995,0.89999998,1.10000002,1,1.04220414,-25.61171532,,
667213,LAURRIV6    138.00,667,12,1193,138,0.94999999,1.0503,0.89999998,1.10000002,1,1.04988778,-25.37454987,,
667214,OXFORD 6    138.00,667,12,1193,138,0.94999999,1.04999995,0.89999998,1.10000002,1,1.02226758,-23.74307823,,
667215,GODSNAR6    138.00,667,12,1193,138,0.94999999,1.04999995,0.89999998,1.10000002,1,1.01077998,-24.74187469,,
667216,RADISON6    138.00,667,12,1193,138,0.94999999,1.04999995,0.89999998,1.10000002,1,1.04075134,-22.201231,,
667217,KELSEY 6    138.00,667,12,1193,138,0.94999999,1.04999995,0.89999998,1.10000002,1,1.01999998,-20.73134041,,
667218,THMPB8 6    138.00,667,12,1193,138,0.94999999,1.04999995,0.89999998,1.10000002,1,0.9840129,-24.51927757,,
667219,WASAGMK6    138.00,667,12,1193,138,0.94999999,1.04999995,0.89999998,1.10000002,1,1.00149822,-25.60076523,,
667220,THMPB9 6    138.00,667,12,1193,138,0.94999999,1.04999995,0.89999998,1.10000002,1,0.9876433,-24.53701401,,
667221,GARDNHL6    138.00,667,12,1193,138,0.94999999,1.04999995,0.89999998,1.10000002,1,1.00232255,-25.43896675,,
667222,CHURCHL6    138.00,667,12,1193,138,0.94999999,1.04999995,0.89999998,1.10000002,1,0.98734426,-22.5161972,,
667223,KT1-TP 6    138.00,667,12,1193,138,0.94999999,1.04999995,0.89999998,1.10000002,1,0.98660445,-24.4535656,,
667224,RAD_K1_6    138.00,667,11,1193,138,0.94999999,1.04999995,0.89999998,1.10000002,1,1.01099992,-5.10945082,,
667225,RAD_K2_6    138.00,667,11,1193,138,0.94999999,1.04999995,0.89999998,1.10000002,1,1.01101387,-5.10951519,,
667226,RAD_K3_6    138.00,667,11,1193,138,0.94999999,1.04999995,0.89999998,1.10000002,1,1.01155722,-4.79287624,,
667227,RAD_K4_6    138.00,667,11,1193,138,0.94999999,1.04999995,0.89999998,1.10000002,1,1.01157701,-4.8070035,,
667228,RAD_K5_6    138.00,667,11,1193,138,0.94999999,1.04999995,0.89999998,1.10000002,1,1.01156986,-4.80695724,,
667229,RAD_K6_6    138.00,667,11,1193,138,0.94999999,1.04999995,0.89999998,1.10000002,1,1.01157629,-4.80699968,,
667230,RAD_K7_6    138.00,667,11,1193,138,0.94999999,1.04999995,0.89999998,1.10000002,1,1.00984633,-5.42945766,,
667231,RADSNDC6    138.00,667,11,1193,138,0.94999999,1.04999995,0.89999998,1.10000002,1,1.00999999,-5.42712212,,
667232,KEEYASK6    138.00,667,11,1193,138,0.94999999,1.04999995,0.89999998,1.10000002,1,1.02999997,1.53206539,,
667247,KEEY_1-2_6  138.00,667,11,1193,138,0.94999999,1.04999995,0.89999998,1.10000002,1,1.03333426,2.32597828,,
667248,KEEY_3_6    138.00,667,11,1193,138,0.94999999,1.04999995,0.89999998,1.10000002,1,1.03330922,2.32329631,,
667249,KEEY_4_6    138.00,667,11,1193,138,0.94999999,1.04999995,0.89999998,1.10000002,1,1.03323567,2.32880259,,
667250,KEEY_5_6    138.00,667,11,1193,138,0.94999999,1.04999995,0.89999998,1.10000002,1,1.03170192,1.93106401,,
667251,KEEY_6-7_6  138.00,667,11,1193,138,0.94999999,1.04999995,0.89999998,1.10000002,1,1.03170085,1.93058288,,
667252,KEEYASKTP   138.00,667,12,1193,138,0.94999999,1.04999995,0.89999998,1.10000002,1,1.03873634,-22.00973511,,
667253,KEEY_CONSA  138.00,667,12,1193,138,0.94999999,1.04999995,0.89999998,1.10000002,1,1.03864241,-22.07258987,,
667254,KEEY_CONSB  138.00,667,11,1193,138,0.94999999,1.04999995,0.89999998,1.10000002,1,1.02939248,1.36718595,,
667255,WUSKRD6     138.00,667,12,1193,138,0.94999999,1.04999995,0.89999998,1.10000002,1,0.99150372,-24.64754677,,
667256,KEEWAT_CONST138.00,667,12,1193,138,0.94999999,1.04999995,0.89999998,1.10000002,1,1.04373252,-22.29593468,,
667257,KR1TP       138.00,667,11,1193,138,0.94999999,1.04999995,0.89999998,1.10000002,1,1.02937114,1.36750221,,
667301,POINTDB7    110.00,667,17,1193,110,0.99318182,1.10000002,0.94090909,1.14999998,1,1.09649253,-16.2230587,,
667302,SLAVEFL7    110.00,667,17,1193,110,0.99318182,1.0977273,0.94090909,1.14999998,1,1.09266889,-16.47908592,,
667304,STAFFORD7   110.00,667,15,1193,110,0.99090999,1.09773004,0.94,1.14999998,1,1.03577375,-29.27653313,,
667500,DORSEY 2    500.00,667,15,1193,500,1,1.07000005,0.89999998,1.10000002,1,1.03818452,-25.85003853,,
667501,RIEL   2    500.00,667,15,1193,500,1,1.07000005,0.89999998,1.10000002,1,1.03848493,-26.37591362,,
667661,KEW-DCPL1   230.00,667,11,1193,230,0.94999999,1.04999995,0.89999998,1.09000003,1,0.99854171,-17.18311119,,
667662,KEW-DCPL2   230.00,667,11,1193,230,0.94999999,1.04999995,0.89999998,1.09000003,1,0.99854171,-17.18311119,,
667669,KEW-DCBUS   230.00,667,11,1193,230,0.94999999,1.04999995,0.89999998,1.09000003,1,0.99854171,-17.18311119,,
667671,RIE-DCPL1   230.00,667,15,1193,230,1,1.04999995,0.94999999,1.10000002,1,1.04499996,-25.13381767,,
667672,RIE-DCPL2   230.00,667,15,1193,230,1,1.04999995,0.94999999,1.10000002,1,1.04499996,-25.13381767,,
667679,RIE-DCBUS   230.00,667,15,1193,230,1,1.04999995,0.94999999,1.10000002,1,1.04499996,-25.13381767,,
668000,ROSS LK7    110.00,667,13,1193,110,0.99318182,1.0977273,0.94090909,1.14999998,1,1.01094532,-34.05080414,,
668001,FLINFLN7    110.00,667,13,1193,110,0.99318182,1.0977273,0.94090909,1.14999998,1,1.01090991,-34.0593338,,
668002,BORDER7     110.00,667,13,1193,110,0.99318182,1.0977273,0.94090909,1.14999998,1,1.01114881,-34.07099152,,
668003,LINE1TP7    110.00,667,13,1193,110,0.99318182,1.0977273,0.94090909,1.14999998,1,1.00838518,-34.98922348,,
668004,MILE13 7    110.00,667,13,1193,110,0.99318182,1.0977273,0.94090909,1.14999998,1,1.00838518,-34.98922348,,
668005,LINE2TP7    110.00,667,13,1193,110,0.99318182,1.0977273,0.94090909,1.14999998,1,1.00838518,-34.98922348,,
668006,SHERRDN7    110.00,667,13,1193,110,0.99318182,1.0977273,0.94090909,1.14999998,1,1.01067996,-29.96182632,,
668007,HERB TP7    110.00,667,13,1193,110,0.99090999,1.03636003,0.94999999,1.04999995,1,1.00843585,-29.69303513,,
668008,STALLK 7    110.00,667,13,1193,110,0.99318182,1.0977273,0.94090909,1.14999998,1,1.00816405,-29.70892906,,
668009,SNOWLK 7    110.00,667,13,1193,110,0.99318182,1.0977273,0.94090909,1.14999998,1,1.00755858,-29.73715782,,
668010,SNOWMIL7    110.00,667,13,1193,110,0.99318182,1.0977273,0.94090909,1.14999998,1,1.00813353,-29.71061325,,
668011,TVXMINE7    110.00,667,13,1193,110,0.99318182,1.0977273,0.94090909,1.14999998,1,1.00751328,-29.73947334,,
668012,CHSLKTP7    110.00,667,13,1193,110,0.99318182,1.0977273,0.94090909,1.14999998,1,1.00485957,-29.8139782,,
668014,CHISLT27    110.00,667,13,1193,110,0.99318182,1.0977273,0.94090909,1.14999998,1,1.00730658,-29.75009155,,
668015,MR11 T 7    110.00,667,14,1193,110,0.99318182,1.0977273,0.94090909,1.14999998,1,1.0232681,-48.14345932,,
668016,RAPDCTY7    110.00,667,14,1193,110,0.99318182,1.0977273,0.94090909,1.14999998,1,1.02415419,-48.02172852,,
668017,BRANE  7    110.00,667,14,1193,110,0.99090999,1.07272995,0.94,1.10000002,1,1.0257988,-47.62680435,,
668018,HIGHLND7    110.00,667,14,1193,110,0.99090999,1.07272995,0.94,1.10000002,1,1.02107275,-47.98604584,,
668019,FORTIER7    110.00,667,14,1193,110,0.99090999,1.07272995,0.94,1.10000002,1,1.01852036,-48.25703049,,
668020,CROCUSP7    110.00,667,14,1193,110,0.99090999,1.07272995,0.94,1.10000002,1,1.02145803,-48.031353,,
668021,BD52-TP7    110.00,667,14,1193,110,0.99318182,1.0977273,0.94090909,1.14999998,1,1.02528679,-47.67786026,,
668022,BRANDON7    110.00,667,14,1193,110,0.99090999,1.07272995,0.94,1.10000002,1,1.02688682,-47.52846909,,
668023,BE1 TP 7    110.00,667,14,1193,110,0.99318182,1.0977273,0.94090909,1.14999998,1,1.02688682,-47.52846909,,
668024,KOCHB2 7    110.00,667,14,1193,110,0.99318182,1.0977273,0.94090909,1.14999998,1,1.02646816,-47.56909943,,
668025,KOCHB1 7    110.00,667,14,1193,110,0.99318182,1.0977273,0.94090909,1.14999998,1,1.02646697,-47.56912994,,
668026,BK41-TP7    110.00,667,14,1193,110,0.99318182,1.0977273,0.94090909,1.14999998,1,1.02355516,-48.38913345,,
668027,MAPLELF7    110.00,667,14,1193,110,0.99318182,1.0977273,0.94090909,1.14999998,1,1.02534878,-47.65546417,,
668028,CANEXUS7    110.00,667,14,1193,110,0.99318182,1.0977273,0.94090909,1.14999998,1,1.02184701,-48.66238403,,
668029,NEPWA  7    110.00,667,14,1193,110,0.99090999,1.07272995,0.94,1.10000002,1,1.03725326,-46.46491241,,
668030,MINDOS 7    110.00,667,14,1193,110,0.99318182,1.0977273,0.94090909,1.14999998,1,1.02565455,-47.84375,,
668031,WARRENT7    110.00,667,15,1193,110,0.99318182,1.0977273,0.94090909,1.14999998,1,1.04029274,-32.74375916,,
668032,WARREN17    110.00,667,15,1193,110,0.99318182,1.0977273,0.94090909,1.14999998,1,1.04811192,-28.7196579,,
668033,WARREN27    110.00,667,15,1193,110,0.99318182,1.0977273,0.94090909,1.14999998,1,1.04014969,-32.75204849,,
668034,CW8 TAP7    110.00,667,15,1193,110,0.99318182,1.0977273,0.94090909,1.14999998,1,1.04933846,-28.62617111,,
668035,CN9 TAP7    110.00,667,15,1193,110,0.99318182,1.0977273,0.94090909,1.14999998,1,1.04437006,-30.71300507,,
668036,STONWB27    110.00,667,15,1193,110,0.99318182,1.0977273,0.94090909,1.14999998,1,1.04899263,-28.64684296,,
668037,STONWB17    110.00,667,15,1193,110,0.99318182,1.0977273,0.94090909,1.14999998,1,1.04402268,-30.73387718,,
668038,ROSSER 7    110.00,667,15,1193,110,0.99090999,1.07272995,0.94,1.10000002,1,1.06220865,-28.25447464,,
668039,STONYMT7    110.00,667,15,1193,110,0.99318182,1.0977273,0.94090909,1.14999998,1,1.05851817,-29.20379829,,
668040,PARKDAL7    110.00,667,15,1193,110,0.99090999,1.07272995,0.94,1.10000002,1,1.05452299,-28.24353218,,
668041,CARBB2 7    110.00,667,14,1193,110,0.99318182,1.0977273,0.94090909,1.14999998,1,1.0072391,-44.64582443,,
668042,MACRGR 7    110.00,667,14,1193,110,0.99318182,1.0977273,0.94090909,1.14999998,1,1.01369357,-41.3375206,,
668043,STVITAL7    110.00,667,15,1193,110,0.99090999,1.07272995,0.94,1.10000002,1,1.04872918,-28.14382553,,
668044,PORTAGE7    110.00,667,15,1193,110,0.99090999,1.07272995,0.94,1.10000002,1,1.02398252,-37.93434143,,
668045,CARBRYN7    110.00,667,14,1193,110,0.99318182,1.0977273,0.94090909,1.14999998,1,1.0060786,-44.7449379,,
668046,AUSTIN 7    110.00,667,14,1193,110,0.99318182,1.0977273,0.94090909,1.14999998,1,1.00980806,-42.41748047,,
668047,LAVEREN7    110.00,667,15,1193,110,0.99090999,1.07272995,0.94,1.10000002,1,1.0619638,-28.21713829,,
668048,LIBAU  7    110.00,667,17,1193,110,0.99318182,1.0977273,0.94090909,1.14999998,1,1.059443,-25.24294853,,
668049,PF-BK8 7    110.00,667,17,1193,110,0.99318182,1.0977273,0.94090909,1.14999998,1,1.07334054,-20.04491234,,
668050,PINEFLS7    110.00,667,17,1193,110,0.99318182,1.0977273,0.94090909,1.14999998,1,1.07337916,-20.03949165,,
668051,GULL LK7    110.00,667,17,1193,110,0.99318182,1.0977273,0.94090909,1.14999998,1,1.06350112,-23.22145844,,
668052,PA2-TAP7    110.00,667,17,1193,110,0.99318182,1.0977273,0.94090909,1.14999998,1,1.07337356,-20.04000854,,
668053,ABIT-1 7    110.00,667,17,1193,110,0.99318182,1.0977273,0.94090909,1.14999998,1,1.07339442,-20.04044914,,
668054,HERB LK7    110.00,667,13,1193,110,0.99090999,1.03636003,0.94999999,1.04999995,1,1.00928378,-29.6288929,,
668055,CLIFF1 7    110.00,667,13,1193,110,0.99318182,1.0977273,0.94090909,1.14999998,1,1.01137161,-33.8358078,,
668056,CLIFF2 7    110.00,667,13,1193,110,0.99318182,1.0977273,0.94090909,1.14999998,1,1.01117766,-33.86062622,,
668057,PA1-TAP7    110.00,667,17,1193,110,0.99318182,1.0977273,0.94090909,1.14999998,1,1.07337356,-20.04000664,,
668058,ABIT-2 7    110.00,667,17,1193,110,0.99318182,1.0977273,0.94090909,1.14999998,1,1.07339442,-20.04044914,,
668061,PF-BK7 7    110.00,667,17,1193,110,0.99318182,1.0977273,0.94090909,1.14999998,1,1.07339251,-20.03852272,,
668062,GREATFL7    110.00,667,17,1193,110,0.99318182,1.0977273,0.94090909,1.14999998,1,1.07743835,-19.65689659,,
668063,BROKNHD7    110.00,667,17,1193,110,0.99318182,1.0977273,0.94090909,1.14999998,1,1.05751383,-24.09211731,,
668064,RAVLAKE7    110.00,667,13,1193,110,0.99090999,1.07272995,0.94,1.10000002,1,1.00377142,-50.33076096,,
668065,SELKIRK7    110.00,667,15,1193,110,0.99090999,1.07272995,0.94,1.10000002,1,1.04664242,-27.40883064,,
668066,MERCYST7    110.00,667,15,1193,110,1.00908995,1.05455005,0.94,1.10000002,1,1.044608,-28.00313187,,
668067,SELKMLL7    110.00,667,15,1193,110,1.00908995,1.05455005,0.94,1.10000002,1,1.04380751,-28.17066956,,
668068,PRAXAIR7    110.00,667,15,1193,110,0.99318182,1.0977273,0.94090909,1.14999998,1,1.04380465,-28.17088699,,
668069,ESTSELK7    110.00,667,15,1193,110,0.99318182,1.0977273,0.94090909,1.14999998,1,1.0465523,-27.42301559,,
668070,CORNW1 7    110.00,667,14,1193,110,0.99318182,1.0977273,0.94090909,1.14999998,1,1.02715278,-47.49832153,,
668071,CORNW3 7    110.00,667,14,1193,110,0.99318182,1.0977273,0.94090909,1.14999998,1,1.02714777,-47.50055313,,
668072,CORNW427    110.00,667,14,1193,110,0.99318182,1.0977273,0.94090909,1.14999998,1,1.02718604,-47.4948082,,
668074,OAKBANK7    110.00,667,15,1193,110,0.99318182,1.0977273,0.94090909,1.14999998,1,1.04548717,-28.01254845,,
668075,LACDUBN7    110.00,667,17,1193,110,0.99318182,1.0977273,0.94090909,1.14999998,1,1.07575607,-20.62705803,,
668076,BEAUSJ 7    110.00,667,17,1193,110,0.99318182,1.0977273,0.94090909,1.14999998,1,1.07394242,-21.05505562,,
668077,SG12 TP7    110.00,667,17,1193,110,0.99318182,1.0977273,0.94090909,1.14999998,1,1.0769546,-20.67798805,,
668078,MCARTHR7    110.00,667,17,1193,110,0.99318182,1.0977273,0.94090909,1.14999998,1,1.08257806,-18.3391819,,
668079,MCARTH27    110.00,667,17,1193,110,0.99318182,1.0977273,0.94090909,1.14999998,1,1.08259118,-18.33611298,,
668080,MCARTH17    110.00,667,17,1193,110,0.99318182,1.0977273,0.94090909,1.14999998,1,1.08251429,-18.32553482,,
668081,7SISTER7    110.00,667,17,1193,110,0.99318182,1.0977273,0.94090909,1.14999998,1,1.08200002,-20.56506538,,
668082,SR3SW3T7    110.00,667,17,1193,110,0.99318182,1.0977273,0.94090909,1.14999998,1,1.08200002,-20.56506538,,
668083,SK1  TP7    110.00,667,17,1193,110,0.99318182,1.0977273,0.94090909,1.14999998,1,1.08196521,-20.62670708,,
668084,SK1 SUB7    110.00,667,17,1193,110,0.99318182,1.0977273,0.94090909,1.14999998,1,1.09595346,-21.06295967,,
668085,BRERTON7    110.00,667,17,1193,110,0.99318182,1.0977273,0.94090909,1.14999998,1,1.08807433,-22.01789665,,
668086,STAR LK7    110.00,667,17,1193,110,0.99318182,1.0977273,0.94090909,1.14999998,1,1.08244705,-22.53087997,,
668089,VIVIAN 7    110.00,667,17,1193,110,0.99318182,1.0977273,0.94090909,1.14999998,1,1.0645119,-24.11136246,,
668090,WHITESH7    110.00,667,17,1193,110,0.99318182,1.0977273,0.94090909,1.14999998,1,1.08209145,-20.69148827,,
668091,WHSL1PH7    110.00,667,17,1193,110,0.99318182,1.0977273,0.94090909,1.14999998,1,1.08929586,28.5238266,,
668092,WHSL2PH7    110.00,667,17,1193,110,0.99318182,1.0977273,0.94090909,1.14999998,1,1.08930194,28.52375603,,
668093,TRANSCO7    110.00,667,15,1193,110,0.99090999,1.07272995,0.94,1.10000002,1,1.05270898,-26.95961189,,
668094,GRIFSTL7    110.00,667,15,1193,110,0.99318182,1.0977273,0.94090909,1.14999998,1,1.05272698,-26.9675827,,
668096,PLESSIS7    110.00,667,15,1193,110,0.99090999,1.07272995,0.94,1.10000002,1,1.0459851,-28.21681976,,
668097,ILEDESC7    110.00,667,15,1193,110,0.99318182,1.0977273,0.94090909,1.14999998,1,1.04566884,-28.51968193,,
668098,RANDOLP7    110.00,667,15,1193,110,0.99318182,1.0977273,0.94090909,1.14999998,1,1.03558195,-29.27620888,,
668100,DAKOTB17    110.00,667,15,1193,110,0.99318182,1.0977273,0.94090909,1.14999998,1,1.04415393,-28.64660454,,
668101,DAKOTB37    110.00,667,15,1193,110,0.99318182,1.0977273,0.94090909,1.14999998,1,1.0459621,-28.64483261,,
668102,HARROW 7    110.00,667,15,1193,110,0.99090999,1.07272995,0.94,1.10000002,1,1.04101861,-29.22004128,,
668104,STAFFORDBK7 110.00,667,1648,1193,110,0.99090999,1.09773004,0.94,1.14999998,1,1.03087854,-30.67940331,,
668105,STAFFORDBK2 110.00,667,1648,1193,110,0.99090999,1.09773004,0.94,1.14999998,1,1.03087854,-30.67940331,,
668106,STAFFORDBK4 110.00,667,1648,1193,110,0.99090999,1.09773004,0.94,1.14999998,1,1.03087854,-30.67940331,,
668108,MOHAWK 7    110.00,667,15,1193,110,0.99090999,1.07272995,0.94,1.10000002,1,1.0453347,-28.927742,,
668109,YX48-TP7    110.00,667,15,1193,110,0.99318182,1.0977273,0.94090909,1.14999998,1,1.04984987,-28.9099369,,
668110,ST.JAME7    110.00,667,15,1193,110,0.99318182,1.0977273,0.94090909,1.14999998,1,1.04779565,-29.55693054,,
668111,SHERBK 7    110.00,667,15,1193,110,0.99318182,1.0977273,0.94090909,1.14999998,1,1.04638612,-29.65729332,,
668112,SHBK-PH7    110.00,667,1648,1193,110,0.99318182,1.0977273,0.94090909,1.14999998,1,1.0397805,-29.77530861,,
668113,INKSTER7    110.00,667,15,1193,110,0.99318182,1.0977273,0.94090909,1.14999998,1,1.05386531,-28.9876442,,
668114,WILKES 7    110.00,667,15,1193,110,0.99090999,1.07272995,0.94,1.10000002,1,1.05339432,-28.79555893,,
668115,WILK-TP7    110.00,667,15,1193,110,0.99090999,1.07272995,0.94,1.10000002,1,1.05654502,-28.52736282,,
668116,YV5-TP 7    110.00,667,15,1193,110,0.99318182,1.0977273,0.94090909,1.14999998,1,1.05958533,-28.38732719,,
668117,WILKES27    110.00,667,15,1193,110,0.99090999,1.07272995,0.94,1.10000002,1,1.05728471,-28.61651039,,
668118,TREHERN7    110.00,667,15,1193,110,0.99318182,1.0977273,0.94090909,1.14999998,1,1.03735423,-31.04092216,,
668119,YM31TP 7    110.00,667,15,1193,110,0.99318182,1.0977273,0.94090909,1.14999998,1,1.06459916,-28.56929207,,
668121,ROSNFLD7    110.00,667,15,1193,110,0.99318182,1.0977273,0.94090909,1.14999998,1,1.06420577,-28.60186195,,
668122,LOWEFRM7    110.00,667,15,1193,110,0.99318182,1.0977273,0.94090909,1.14999998,1,1.06293321,-28.65265274,,
668123,AUG B2 7    110.00,667,15,1193,110,0.99318182,1.0977273,0.94090909,1.14999998,1,1.05899644,-28.47576904,,
668124,KIRKFLD7    110.00,667,15,1193,110,0.99090999,1.07272995,0.94,1.10000002,1,1.05832124,-28.53398323,,
668125,AUGIER 7    110.00,667,15,1193,110,0.99318182,1.0977273,0.94090909,1.14999998,1,1.06121528,-28.31100655,,
668126,COURT1 7    110.00,667,15,1193,110,0.99318182,1.0977273,0.94090909,1.14999998,1,1.05664635,-28.577425,,
668127,COURT2 7    110.00,667,15,1193,110,0.99318182,1.0977273,0.94090909,1.14999998,1,1.05722129,-28.58815002,,
668128,MC PHIL7    110.00,667,15,1193,110,0.99090999,1.07272995,0.94,1.10000002,1,1.05583704,-28.73035431,,
668129,MCPHL-97    110.00,667,15,1193,110,0.99090999,1.07272995,0.94,1.10000002,1,1.0540024,-29.61878777,,
668130,MCPHL-87    110.00,667,15,1193,110,0.99090999,1.07272995,0.94,1.10000002,1,1.0540024,-29.61878777,,
668133,ROCKWD 7    110.00,667,15,1193,110,0.99090999,1.07272995,0.94,1.10000002,1,1.06163371,-28.62555313,,
668134,ROCKWTP7    110.00,667,15,1193,110,0.99090999,1.07272995,0.94,1.10000002,1,1.06047809,-28.84671593,,
668135,OVRFLWR7    110.00,667,13,1193,110,0.99318182,1.0977273,0.94090909,1.14999998,1,1.0737226,-33.74989319,,
668136,MANIGOT7    110.00,667,17,1193,110,0.99318182,1.0977273,0.94090909,1.14999998,1,1.06772852,-21.50697708,,
668137,INKSTR27    110.00,667,15,1193,110,0.99318182,1.0977273,0.94090909,1.14999998,1,1.06037951,-28.39897919,,
668138,CORNW4 7    110.00,667,14,1193,110,0.99318182,1.0977273,0.94090909,1.14999998,1,1.02737784,-47.47238541,,
668143,HBLAYLOR7   110.00,667,13,1193,110,0.99318182,1.0977273,0.94090909,1.14999998,1,1.0047375,-29.81656647,,
668144,TYNDALTP7   110.00,667,15,1193,110,0.99318182,1.0977273,0.94090909,1.14999998,1,1.04669499,-27.42339325,,
668145,TYNDALDSC7  110.00,667,15,1193,110,0.99318182,1.0977273,0.94090909,1.14999998,1,1.04501617,-27.54166603,,
668146,SELKCSC7    110.00,667,15,1193,110,0.99318182,1.0977273,0.94090909,1.14999998,1,1.05455232,-27.02490807,,
668147,MELROSE7    110.00,667,15,1193,110,0.99318182,1.0977273,0.94090909,1.14999998,1,1.04579782,-27.81965446,,
668148,ROSSER27    110.00,667,15,1193,110,0.99090999,1.07272995,0.94,1.10000002,1,1.06216073,-28.25511551,,
668149,SEDDONS7    110.00,667,17,1193,110,0.99318182,1.0977273,0.94090909,1.14999998,1,1.07461095,-21.00962448,,
668150,ANOLA 7     110.00,667,17,1193,110,0.99318182,1.0977273,0.94090909,1.14999998,1,1.05896473,-25.3442173,,
668151,ILDECHENDSC7110.00,667,15,1193,110,0.99318182,1.0977273,0.94090909,1.14999998,1,1.04575765,-28.50884247,,
668152,MADISON 7   110.00,667,15,1193,110,1.00908995,1.09090996,0.94,1.10000002,1,1.0477953,-29.55694771,,
668154,LAYLORTP    110.00,667,13,1193,110,0.99318182,1.0977273,0.94090909,1.14999998,1,1.00485134,-29.81369019,,
668156,RJ51TP      110.00,667,15,1193,110,0.99318182,1.0977273,0.94090909,1.14999998,1,1.05388129,-28.98637009,,
669819,BIRCHTR4    230.00,667,12,1193,230,0.94999999,1.04999995,0.89999998,1.10000002,2,1.03884006,-24.37647438,,
669820,PONTON 4    230.00,667,13,1193,230,0.94999999,1.04999995,0.89999998,1.10000002,2,1.0396533,-27.07754135,,
672501,BD         6138.00,672,1654,1194,138,0.89999998,1.10000002,0.89999998,1.10000002,1,1.00882721,-62.71256638,,
672503,BRYANT     6138.00,672,1655,1194,138,0.89999998,1.10000002,0.89999998,1.10000002,1,1.00918639,-63.30069351,,
672504,ESTEVANWEST6138.00,672,1654,1194,138,0.89999998,1.10000002,0.89999998,1.10000002,1,1.00851941,-62.90919876,,
672505,STOUGHTON  6138.00,672,1654,1194,138,0.89999998,1.10000002,0.89999998,1.10000002,1,1.00964165,-63.72050858,,
672506,DEWDNEY    6138.00,672,1654,1194,138,0.89999998,1.10000002,0.89999998,1.10000002,1,1.02697432,-66.43920135,,
672507,REGINA     6138.00,672,1654,1194,138,0.89999998,1.10000002,0.89999998,1.10000002,1,1.03318119,-66.57930756,,
672508,FLEETST    6138.00,672,1654,1194,138,0.89999998,1.10000002,0.89999998,1.10000002,1,1.0250746,-65.9656601,,
672509,KENNEDY    6138.00,672,1654,1194,138,0.89999998,1.10000002,0.89999998,1.10000002,1,1.02734101,-59.44567871,,
672510,EVRAZ       138.00,672,1655,1194,138,0.89999998,1.10000002,0.89999998,1.10000002,1,1.01854444,-67.47364044,,
672511,MOSAICBPTAP6138.00,672,1655,1194,138,0.89999998,1.10000002,0.89999998,1.10000002,4,0,0,,
672512,CONDIE     6138.00,672,1654,1194,138,0.89999998,1.10000002,0.89999998,1.10000002,1,1.02703679,-66.16493225,,
672513,BELLEPLAINE6138.00,672,1655,1194,138,0.89999998,1.10000002,0.89999998,1.10000002,1,1.03969371,-64.58673096,,
672514,TANTALLON  6138.00,672,1655,1194,138,0.89999998,1.10000002,0.89999998,1.10000002,1,1.02499998,-57.62939835,,
672515,YORKTON    6138.00,672,1654,1194,138,0.89999998,1.10000002,0.89999998,1.10000002,1,1.02865624,-57.10935211,,
672516,PEEBLES    6138.00,672,1654,1194,138,0.89999998,1.10000002,0.89999998,1.10000002,1,1.03852463,-61.89017487,,
672517,BANKEND    6138.00,672,1654,1194,138,0.89999998,1.10000002,0.89999998,1.10000002,1,1.03546858,-58.40089035,,
672518,WEYBURN    6138.00,672,1654,1194,138,0.89999998,1.10000002,0.89999998,1.10000002,1,1.01335955,-66.61456299,,
672519,ESTLIN     6138.00,672,1655,1194,138,0.89999998,1.10000002,0.89999998,1.10000002,1,1.02901971,-66.70217133,,
672520,GLENAVON   6138.00,672,1655,1194,138,0.89999998,1.10000002,0.89999998,1.10000002,1,1.02081823,-62.89843369,,
672521,HALBRITE   6138.00,672,1654,1194,138,0.89999998,1.10000002,0.89999998,1.10000002,1,0.982867,-68.33930206,,
672522,CD NORTH   6138.00,672,1655,1194,138,0.89999998,1.10000002,0.89999998,1.10000002,1,1.02273464,-66.55806732,,
672523,ODESSA     6138.00,672,1654,1194,138,0.89999998,1.10000002,0.89999998,1.10000002,1,1.00443566,-64.42027283,,
672524,KEYSTOWN   6138.00,672,1654,1194,138,0.89999998,1.10000002,0.89999998,1.10000002,4,0,0,,
672525,GRENFELL   6138.00,672,1654,1194,138,0.89999998,1.10000002,0.89999998,1.10000002,1,1.03587162,-60.57865524,,
672526,GRENFELLTAP6138.00,672,1655,1194,138,0.89999998,1.10000002,0.89999998,1.10000002,1,1.03653228,-61.16101837,,
672527,YN WEST    6138.00,672,1655,1194,138,0.89999998,1.10000002,0.89999998,1.10000002,1,1.02856922,-57.28762054,,
672528,ROWATT     6138.00,672,1655,1194,138,0.89999998,1.10000002,0.89999998,1.10000002,1,1.03131294,-66.66265869,,
672529,MELVILLE   6138.00,672,1654,1194,138,0.89999998,1.10000002,0.89999998,1.10000002,1,1.03369629,-58.95101547,,
672530,RCH+PRK    6138.00,672,1654,1194,138,0.89999998,1.10000002,0.89999998,1.10000002,1,1.02732313,-66.84672546,,
672531,HERBERT TAP6138.00,672,1654,1194,138,0.89999998,1.10000002,0.89999998,1.10000002,1,1.0362289,-61.5785408,,
672532,HERBERT    6138.00,672,1655,1194,138,0.89999998,1.10000002,0.89999998,1.10000002,1,1.03590381,-61.65727234,,
672533,BENSON     6138.00,672,1655,1194,138,0.89999998,1.10000002,0.89999998,1.10000002,1,1.00932658,-63.48159027,,
672534,VANSCOY    6138.00,672,1655,1194,138,0.89999998,1.10000002,0.89999998,1.10000002,1,1.03282833,-57.57702637,,
672536,LOREBURNTAP6138.00,672,1655,1194,138,0.89999998,1.10000002,0.89999998,1.10000002,1,1.04491842,-59.30611038,,
672537,MARTENSVILL6138.00,672,1654,1194,138,0.89999998,1.10000002,0.89999998,1.10000002,1,1.03865027,-55.75179291,,
672538,BEATTY     6138.00,672,1654,1194,138,0.89999998,1.10000002,0.89999998,1.10000002,1,1.03968573,-46.8143425,,
672540,QE         6138.00,672,1654,1194,138,0.89999998,1.10000002,0.89999998,1.10000002,1,1.03499997,-56.87205505,,
672541,CORY       6138.00,672,1655,1194,138,0.89999998,1.10000002,0.89999998,1.10000002,1,1.03499997,-54.08067322,,
672542,WJB+ENG    6138.00,672,1654,1194,138,0.89999998,1.10000002,0.89999998,1.10000002,1,1.02486491,-58.63807678,,
672543,WOLVERINE  6138.00,672,1655,1194,138,0.89999998,1.10000002,0.89999998,1.10000002,1,1.03716469,-57.07576752,,
672544,AVE C      6138.00,672,1654,1194,138,0.89999998,1.10000002,0.89999998,1.10000002,1,1.03362978,-57.00537491,,
672545,SNI TAP    6138.00,672,1654,1194,138,0.89999998,1.10000002,0.89999998,1.10000002,1,1.03739858,-55.9697876,,
672546,ELSTOW     6138.00,672,1654,1194,138,0.89999998,1.10000002,0.89999998,1.10000002,1,1.03914881,-57.22267914,,
672547,HUMBOLDT   6138.00,672,1654,1194,138,0.89999998,1.10000002,0.89999998,1.10000002,1,1.02538502,-54.95737457,,
672548,TISDALE    6138.00,672,1654,1194,138,0.89999998,1.10000002,0.89999998,1.10000002,1,1.0259918,-49.51082993,,
672549,CLAVET     6138.00,672,1655,1194,138,0.89999998,1.10000002,0.89999998,1.10000002,1,1.03796411,-57.09490967,,
672551,BROMHEAD   6138.00,672,1654,1194,138,0.89999998,1.10000002,0.89999998,1.10000002,1,1.01027465,-65.05020142,,
672553,WILLOWISLAN6138.00,672,1654,1194,138,0.89999998,1.10000002,0.89999998,1.10000002,1,1.02646244,-50.41399002,,
672554,PA         6138.00,672,1654,1194,138,0.89999998,1.10000002,0.89999998,1.10000002,1,1.02385831,-49.8047142,,
672555,MAYMONT    6138.00,672,1654,1194,138,0.89999998,1.10000002,0.89999998,1.10000002,1,1.04674351,-59.34733582,,
672556,NEUDORF    6138.00,672,1654,1194,138,0.89999998,1.10000002,0.89999998,1.10000002,1,1.0355624,-59.85663605,,
672557,MELFORT    6138.00,672,1654,1194,138,0.89999998,1.10000002,0.89999998,1.10000002,1,1.03450394,-48.03673172,,
672558,RUTLAND TAP6138.00,672,1655,1194,138,0.89999998,1.10000002,0.89999998,1.10000002,1,1.01835668,-67.22119141,,
672559,RUTLAND    6138.00,672,1655,1194,138,0.89999998,1.10000002,0.89999998,1.10000002,1,1.01694667,-67.59518433,,
672560,ISLAND     7110.00,672,150,1194,110,0.89999998,1.10000002,0.89999998,1.10000002,1,0.99501479,-38.12392807,,
672561,ISLAND     6138.00,672,150,1194,138,0.89999998,1.10000002,0.89999998,1.10000002,1,0.96270561,-39.46382904,,
672562,BATTLEFORD 6138.00,672,1654,1194,138,0.89999998,1.10000002,0.89999998,1.10000002,1,1.04729748,-60.68718719,,
672563,FREEMONTTAP6138.00,672,1654,1194,138,0.89999998,1.10000002,0.89999998,1.10000002,1,1.04031956,-61.17074585,,
672566,LLOYDMINSTR6138.00,672,1654,1194,138,0.89999998,1.10000002,0.89999998,1.10000002,1,1.02929902,-60.22535706,,
672567,ABERFELDY  6138.00,672,1654,1194,138,0.89999998,1.10000002,0.89999998,1.10000002,1,1.03130698,-60.47052765,,
672568,MAIDSTONE  6138.00,672,1654,1194,138,0.89999998,1.10000002,0.89999998,1.10000002,1,1.04212403,-61.1760788,,
672569,LASHBURN   6138.00,672,1654,1194,138,0.89999998,1.10000002,0.89999998,1.10000002,1,1.03697693,-61.00415802,,
672570,COTEAU     6138.00,672,1654,1194,138,0.89999998,1.10000002,0.89999998,1.10000002,1,1.04499996,-58.32888794,,
672571,FREEMONT   6138.00,672,1654,1194,138,0.89999998,1.10000002,0.89999998,1.10000002,1,1.04128623,-61.46643829,,
672572,STREHLOW   6138.00,672,1654,1194,138,0.89999998,1.10000002,0.89999998,1.10000002,1,1.03222227,-58.23071671,,
672573,HAWARDEN   6138.00,672,1654,1194,138,0.89999998,1.10000002,0.89999998,1.10000002,1,1.02536905,-60.10031509,,
672574,MILDEN     6138.00,672,1655,1194,138,0.89999998,1.10000002,0.89999998,1.10000002,1,1.01756918,-63.05019379,,
672575,HERSCHEL   6138.00,672,1655,1194,138,0.89999998,1.10000002,0.89999998,1.10000002,1,1.00359619,-67.88053894,,
672576,CACTUSLAKE 6138.00,672,1655,1194,138,0.89999998,1.10000002,0.89999998,1.10000002,1,1.0104475,-70.03042603,,
672577,HAYT+SENL  6138.00,672,1655,1194,138,0.89999998,1.10000002,0.89999998,1.10000002,1,1.01671255,-68.71015167,,
672578,ERMINE     6138.00,672,1654,1194,138,0.89999998,1.10000002,0.89999998,1.10000002,1,1.02499998,-70.17965698,,
672579,NORTHBA    6138.00,672,1654,1194,138,0.89999998,1.10000002,0.89999998,1.10000002,1,1.04715383,-60.60282898,,
672580,LANDIS     6138.00,672,1654,1194,138,0.89999998,1.10000002,0.89999998,1.10000002,1,1.02499998,-66.37016296,,
672581,GLASLYN    6138.00,672,1654,1194,138,0.89999998,1.10000002,0.89999998,1.10000002,1,1.02938759,-65.07711792,,
672582,MEADOWLAKE 6138.00,672,1654,1194,138,0.89999998,1.10000002,0.89999998,1.10000002,1,1.0226537,-67.6207428,,
672583,SWIFTCUCITY6138.00,672,1654,1194,138,0.89999998,1.10000002,0.89999998,1.10000002,1,1.02644026,-60.07136917,,
672584,ROSETOWN   6138.00,672,1654,1194,138,0.89999998,1.10000002,0.89999998,1.10000002,1,1.00288069,-66.54769897,,
672585,SWIFTCU    6138.00,672,1654,1194,138,0.89999998,1.10000002,0.89999998,1.10000002,1,1.02850223,-59.90159988,,
672586,ASSINIBOIA 6138.00,672,1654,1194,138,0.89999998,1.10000002,0.89999998,1.10000002,1,1.03222787,-60.83720398,,
672587,CHAPLIN    6138.00,672,1654,1194,138,0.89999998,1.10000002,0.89999998,1.10000002,1,1.04029286,-62.68344116,,
672588,PASQUA     6138.00,672,1654,1194,138,0.89999998,1.10000002,0.89999998,1.10000002,1,1.04651201,-62.91301727,,
672589,CRAIK      6138.00,672,1655,1194,138,0.89999998,1.10000002,0.89999998,1.10000002,1,1.02675462,-62.36692429,,
672590,RVRHRST TAP6138.00,672,1654,1194,138,0.89999998,1.10000002,0.89999998,1.10000002,1,1.04705858,-60.26482773,,
672591,RIVERHURST 6138.00,672,1655,1194,138,0.89999998,1.10000002,0.89999998,1.10000002,1,1.04503775,-60.42707825,,
672592,HEARTSHILL 6138.00,672,1655,1194,138,0.89999998,1.10000002,0.89999998,1.10000002,1,1.01412809,-70.18447113,,
672593,MACKLIN    6138.00,672,1654,1194,138,0.89999998,1.10000002,0.89999998,1.10000002,1,1.01252234,-69.64930725,,
672594,SUPERB     6138.00,672,1654,1194,138,0.89999998,1.10000002,0.89999998,1.10000002,1,1.02321017,-70.57491302,,
672595,CARON TAP  6138.00,672,1655,1194,138,0.89999998,1.10000002,0.89999998,1.10000002,1,1.04505479,-62.95845032,,
672596,BRADA      6138.00,672,1654,1194,138,0.89999998,1.10000002,0.89999998,1.10000002,1,1.04743326,-60.18539429,,
672597,YELLOWHEAD 6138.00,672,1656,1194,138,0.89999998,1.10000002,0.89999998,1.10000002,1,1.04799998,-60.42522049,,
672598,MORSECREEK 6138.00,672,1654,1194,138,0.89999998,1.10000002,0.89999998,1.10000002,1,1.03664958,-61.99359894,,
672599,MORSECRKTAP6138.00,672,1654,1194,138,0.89999998,1.10000002,0.89999998,1.10000002,1,1.03751683,-61.98258972,,
672601,BD         4230.00,672,1654,1194,230,0.89999998,1.10000002,0.89999998,1.10000002,1,1.04999995,-60.83359909,,
672602,BDX        4230.00,672,1654,1194,230,0.89999998,1.10000002,0.89999998,1.10000002,1,1.05698049,-11.37901115,,
672603,BDV        4230.00,672,1654,1194,230,0.89999998,1.10000002,0.89999998,1.10000002,1,1.02180779,-11.37897491,,
672607,REGINA     4230.00,672,1654,1194,230,0.89999998,1.10000002,0.89999998,1.10000002,1,1.05857241,-65.05847931,,
672608,FLEET ST   4230.00,672,1654,1194,230,0.89999998,1.10000002,0.89999998,1.10000002,1,1.05478418,-65.3313446,,
672609,KENNEDY    4230.00,672,1654,1194,230,0.89999998,1.10000002,0.89999998,1.10000002,1,1.02947557,-59.18715286,,
672610,POPLAR     4230.00,672,1655,1194,230,0.89999998,1.10000002,0.89999998,1.10000002,1,1.08218336,-61.60776138,,
672611,WHITEWD TAP4230.00,672,1655,1194,230,0.89999998,1.10000002,0.89999998,1.10000002,1,1.02686405,-58.69044113,,
672612,CONDIE     4230.00,672,1654,1194,230,0.89999998,1.10000002,0.89999998,1.10000002,1,1.06377339,-64.28145599,,
672613,AUBURNTON  4230.00,672,1654,1194,230,0.89999998,1.10000002,0.89999998,1.10000002,1,0.98662949,-59.7193222,,
672614,TANTALLON  4230.00,672,1654,1194,230,0.89999998,1.10000002,0.89999998,1.10000002,1,1.02184772,-57.75806808,,
672615,YORKTON    4230.00,672,1654,1194,230,0.89999998,1.10000002,0.89999998,1.10000002,1,1.01863873,-54.65213013,,
672616,PEEBLES    4230.00,672,1654,1194,230,0.89999998,1.10000002,0.89999998,1.10000002,1,1.03450727,-61.06044388,,
672617,KENDAL  TAP4230.00,672,1655,1194,230,0.89999998,1.10000002,0.89999998,1.10000002,1,1.04954541,-62.49516678,,
672620,MOSIAC K3  4230.00,672,1655,1194,230,0.89999998,1.10000002,0.89999998,1.10000002,1,1.01717353,-57.96617508,,
672621,SHAND      4230.00,672,1654,1194,230,0.89999998,1.10000002,0.89999998,1.10000002,1,1.04999995,-59.39030457,,
672630,EBCAMPBELL 4230.00,672,1654,1194,230,0.89999998,1.10000002,0.89999998,1.10000002,1,1.05999994,-35.03700256,,
672631,HERBERT230  230.00,672,1655,1194,230,0.89999998,1.10000002,0.89999998,1.10000002,1,1.0856173,-58.58493042,,
672634,K+S        4230.00,672,1655,1194,230,0.89999998,1.10000002,0.89999998,1.10000002,1,1.06644022,-62.86465073,,
672635,BETHUNE TAP4230.00,672,1655,1194,230,0.89999998,1.10000002,0.89999998,1.10000002,1,1.06738365,-62.79675293,,
672636,BETHUNE    4230.00,672,1655,1194,230,0.89999998,1.10000002,0.89999998,1.10000002,1,1.0672158,-62.81595993,,
672637,MARTENSVILL4230.00,672,1654,1194,230,0.89999998,1.10000002,0.89999998,1.10000002,1,1.04042685,-55.1919136,,
672638,BEATTY     4230.00,672,1654,1194,230,0.89999998,1.10000002,0.89999998,1.10000002,1,1.06428647,-45.66057587,,
672639,ABERDEEN   4230.00,672,1654,1194,230,0.89999998,1.10000002,0.89999998,1.10000002,1,1.04372621,-54.30190277,,
672640,QE 1       4230.00,672,1654,1194,230,0.89999998,1.10000002,0.89999998,1.10000002,1,1.04060924,-56.2632637,,
672643,WOLVERINE  4230.00,672,1654,1194,230,0.89999998,1.10000002,0.89999998,1.10000002,1,1.03431141,-56.29367828,,
672644,ALLAN      4230.00,672,1655,1194,230,0.89999998,1.10000002,0.89999998,1.10000002,1,1.03370726,-55.83898163,,
672645,COLONSAY   4230.00,672,1655,1194,230,0.89999998,1.10000002,0.89999998,1.10000002,1,1.03263187,-56.2154007,,
672646,JANSEN     4230.00,672,1655,1194,230,0.89999998,1.10000002,0.89999998,1.10000002,1,1.02407646,-58.00265503,,
672649,CODETTE    4230.00,672,1654,1194,230,0.89999998,1.10000002,0.89999998,1.10000002,1,1.08277202,-39.73731995,,
672650,NIPAWIN    4230.00,672,1654,1194,230,0.89999998,1.10000002,0.89999998,1.10000002,1,1.08700001,-39.23259735,,
672651,GOLDENLAKE 4230.00,672,1655,1194,230,0.89999998,1.10000002,0.89999998,1.10000002,1,1.05743122,-58.80334473,,
672656,PQ-CD TAP  4230.00,672,1655,1194,230,0.89999998,1.10000002,0.89999998,1.10000002,1,1.06778681,-62.74676895,,
672664,ROWATT      230.00,672,1654,1194,230,0.89999998,1.10000002,0.89999998,1.10000002,1,1.06006515,-64.76306915,,
672666,LLOYDMINSTR4230.00,672,1655,1194,230,0.89999998,1.10000002,0.89999998,1.10000002,1,1.04999995,-58.18141556,,
672670,COTEAU     4230.00,672,1654,1194,230,0.89999998,1.10000002,0.89999998,1.10000002,1,1.05890357,-58.29229736,,
672682,LIEBENTHAL 4230.00,672,1655,1194,230,0.89999998,1.10000002,0.89999998,1.10000002,1,1.08384454,-58.53027344,,
672683,MCNEILL    4230.00,672,1658,1194,230,0.89999998,1.10000002,0.89999998,1.10000002,4,0,0,,
672684,RUSHLAKE   4230.00,672,1654,1194,230,0.89999998,1.10000002,0.89999998,1.10000002,1,1.07910597,-57.64162445,,
672685,SWIFTCU    4230.00,672,1655,1194,230,0.89999998,1.10000002,0.89999998,1.10000002,1,1.07000005,-57.95890045,,
672686,ASSINIBOIA 4230.00,672,1654,1194,230,0.89999998,1.10000002,0.89999998,1.10000002,1,1.07071304,-60.02076721,,
672688,PASQUA     4230.00,672,1654,1194,230,0.89999998,1.10000002,0.89999998,1.10000002,1,1.07000005,-61.86309433,,
672696,BRADA      4230.00,672,1654,1194,230,0.89999998,1.10000002,0.89999998,1.10000002,1,1.05049503,-58.6508255,,
672697,ML EAST    4230.00,672,1655,1194,230,0.89999998,1.10000002,0.89999998,1.10000002,1,1.04900539,-65.08740234,,
672698,ML NORTH   4230.00,672,1655,1194,230,0.89999998,1.10000002,0.89999998,1.10000002,1,1.04782426,-65.41944122,,
672699,NBEC       4230.00,672,1657,1194,230,0.89999998,1.10000002,0.89999998,1.10000002,1,1.04999995,-58.51218796,,
673506,HARBOUR    6138.00,672,1654,1194,138,0.89999998,1.10000002,0.89999998,1.10000002,1,1.03064036,-66.52122498,,
673511,R1PLOADS    138.00,672,1655,672,138,0.89999998,1.10000002,0.89999998,1.10000002,1,1.04635143,-63.30500031,,
673514,MOSAICK2NEW6138.00,672,1655,1194,138,0.89999998,1.10000002,0.89999998,1.10000002,1,1.02318144,-57.76557159,,
673515,SCRCREEK    138.00,672,1655,1194,138,0.89999998,1.10000002,0.89999998,1.10000002,1,1.02550626,-57.65231323,,
673516,ROCANVILLE  138.00,672,1654,1194,138,0.89999998,1.10000002,0.89999998,1.10000002,1,1.02791524,-57.32359695,,
673517,NUTRIEN ROC 138.00,672,1655,1194,138,0.89999998,1.10000002,0.89999998,1.10000002,1,1.02912235,-56.79175186,,
673518,MOOSAMIN    138.00,672,1654,1194,138,0.89999998,1.10000002,0.89999998,1.10000002,1,1.02782476,-57.51970673,,
673528,PARKRIDGE   138.00,672,1654,1194,138,0.89999998,1.10000002,0.89999998,1.10000002,1,1.02542114,-66.8519516,,
673529,PRKTAP      138.00,672,1654,1194,138,0.89999998,1.10000002,0.89999998,1.10000002,1,1.02930272,-66.742836,,
673530,ERICHARSON  138.00,672,1654,1194,138,0.89999998,1.10000002,0.89999998,1.10000002,1,1.02675402,-66.90000916,,
673533,TECUMSEH   6138.00,672,1654,1194,138,0.89999998,1.10000002,0.89999998,1.10000002,1,1.00930297,-63.65134811,,
673536,LOREBURN   6138.00,672,1655,1194,138,0.89999998,1.10000002,0.89999998,1.10000002,1,1.04452264,-59.35066223,,
673541,M1QTAP      138.00,672,1654,1194,138,0.89999998,1.10000002,0.89999998,1.10000002,1,1.02602088,-58.45230865,,
673542,SUTHERLAND  138.00,672,1654,1194,138,0.89999998,1.10000002,0.89999998,1.10000002,1,1.02352917,-58.77713776,,
673543,LANIGAN 138 138.00,672,1655,672,138,0.89999998,1.10000002,0.89999998,1.10000002,1,1.03533947,-57.3320961,,
673544,UHEIGHTS    138.00,672,1654,1194,138,0.89999998,1.10000002,0.89999998,1.10000002,1,1.02582824,-58.49494934,,
673545,UHEIGHTTAP  138.00,672,1654,1194,138,0.89999998,1.10000002,0.89999998,1.10000002,1,1.02588797,-58.47621918,,
673546,UOFS        138.00,672,1655,1194,138,0.89999998,1.10000002,0.89999998,1.10000002,1,1.02210867,-58.90938568,,
673554,SENATOR     138.00,672,1654,1194,138,0.89999998,1.10000002,0.89999998,1.10000002,1,1.02485478,-49.55035782,,
673555,CLAVET STN  138.00,672,1655,672,138,0.89999998,1.10000002,0.89999998,1.10000002,1,1.03783429,-57.07335663,,
673561,ISLAND2    6138.00,672,150,1194,138,0.89999998,1.10000002,0.89999998,1.10000002,1,0.96660149,-39.04487991,,
673574,MILDEN2TAP  138.00,672,1655,1194,138,0.89999998,1.10000002,0.89999998,1.10000002,1,1.01332295,-63.89702225,,
673575,MILDEN2     138.00,672,1655,1194,138,0.89999998,1.10000002,0.89999998,1.10000002,1,1.01305211,-63.92131042,,
673581,SWCITYTAP   138.00,672,1654,1194,138,0.89999998,1.10000002,0.89999998,1.10000002,1,1.02764928,-59.97434616,,
673582,TURTLELAKE  138.00,672,1654,1194,138,0.89999998,1.10000002,0.89999998,1.10000002,1,1.02610052,-66.11109161,,
673583,SPRUCE SUB  138.00,672,1654,1194,138,0.89999998,1.10000002,0.89999998,1.10000002,1,1.02165973,-65.61125946,,
673584, TURTLETAP  138.00,672,1654,1194,138,0.89999998,1.10000002,0.89999998,1.10000002,1,1.02049458,-65.08390808,,
673585, TURTLESUB  138.00,672,1654,1194,138,0.89999998,1.10000002,0.89999998,1.10000002,1,1.02007043,-65.1674118,,
673586,PARADISE HIL138.00,672,1654,1194,138,0.89999998,1.10000002,0.89999998,1.10000002,1,1.0197264,-63.83032608,,
673587,BOLNEY TAP  138.00,672,1654,672,138,0.89999998,1.10000002,0.89999998,1.10000002,1,1.01969266,-64.33911133,,
673590,EYEBROWTAP  138.00,672,1654,672,138,0.89999998,1.10000002,0.89999998,1.10000002,1,1.04795766,-60.98862457,,
673601,KISBEY TAP 4230.00,672,1654,1194,230,0.89999998,1.10000002,0.89999998,1.10000002,1,1.03984702,-60.38660431,,
673602,KISBEY     4230.00,672,1654,1194,230,0.89999998,1.10000002,0.89999998,1.10000002,1,1.03897858,-60.48517227,,
673609,BEKEVAR-POI 230.00,672,672,1656,230,0.89999998,1.10000002,0.89999998,1.10000002,1,1.02265179,-57.73760223,,
673631,BLUE HILL  6230.00,672,1654,1194,230,0.89999998,1.10000002,0.89999998,1.10000002,1,1.09160054,-58.32579803,,
673651,GOLDENLAKESS230.00,672,1655,1194,230,0.89999998,1.10000002,0.89999998,1.10000002,1,1.05762243,-58.83501053,,
673652,EDAMSS      230.00,672,1655,1194,230,0.89999998,1.10000002,0.89999998,1.10000002,1,1.05871868,-58.99161148,,
